co2_id,date,site_depart,site_arrivee,mode_transport,distance_km,masse_t,co2_kg,co2_kg_baseline,reduction_pct,fe_kg_co2_t_km,conforme_iso14001,produit
CO2-0001,2024-02-18,Khouribga,Laayoune,Route,430,275.7,12329.3,15880.85,22.4,0.104,True,Acide phosphorique
CO2-0002,2024-09-08,Benguerir,Safi,Maritime,95,129.4,98.34,149.23,34.1,0.008,True,Phosphate brut
CO2-0003,2024-11-15,Benguerir,Safi,Rail,95,180.8,377.87,490.28,22.9,0.022,True,Urée
CO2-0004,2024-04-18,Casablanca Port,Laayoune,Rail,900,314.3,6223.14,9215.14,32.5,0.022,True,Acide phosphorique
CO2-0005,2025-03-05,Youssoufia,Laayoune,Maritime,450,362.1,1140.62,1496.95,23.8,0.007,True,NPS
CO2-0006,2024-08-14,Jorf Lasfar,Casablanca Port,Rail,95,367.8,768.7,1094.25,29.8,0.022,True,Phosphate brut
CO2-0007,2025-01-20,Jorf Lasfar,Laayoune,Route,820,445.9,35101.25,46728.52,24.9,0.096,True,Urée
CO2-0008,2024-09-22,Safi,Laayoune,Route,661,240.4,15254.82,19087.12,20.1,0.096,True,MAP
CO2-0009,2024-11-01,Benguerir,Khouribga,Route,80,284.3,2365.38,2841.16,16.7,0.104,True,Phosphate brut
CO2-0010,2025-03-03,Laayoune,Benguerir,Route,545,468.7,26565.92,37305.31,28.8,0.104,True,Acide phosphorique
CO2-0011,2024-11-28,Jorf Lasfar,Casablanca Port,Route,95,147.5,1457.3,2069.13,29.6,0.104,True,NPS
CO2-0012,2024-04-02,Jorf Lasfar,Khouribga,Route,180,205.7,3850.7,4809.16,19.9,0.104,True,MAP
CO2-0013,2024-03-24,Benguerir,Khouribga,Rail,80,53.7,107.4,149.5,28.2,0.025,True,Acide phosphorique
CO2-0014,2024-02-01,Youssoufia,Khouribga,Maritime,783,223.2,1223.36,1849.67,33.9,0.007,True,DAP
CO2-0015,2024-08-08,Khouribga,Youssoufia,Route,719,365.4,25221.37,34059.72,25.9,0.096,True,Phosphate brut
CO2-0016,2025-03-05,Youssoufia,Casablanca Port,Maritime,664,380.8,2022.81,2677.68,24.5,0.008,True,Phosphate brut
CO2-0017,2024-06-19,Youssoufia,Khouribga,Maritime,678,172.0,932.93,1175.63,20.6,0.008,True,Urée
CO2-0018,2024-03-11,Youssoufia,Casablanca Port,Maritime,97,478.1,371.01,519.39,28.6,0.008,True,Acide phosphorique
CO2-0019,2024-11-11,Laayoune,Safi,Rail,177,138.2,611.53,781.13,21.7,0.025,True,NPS
CO2-0020,2024-01-03,Jorf Lasfar,Youssoufia,Rail,90,154.1,305.12,391.64,22.1,0.022,True,Acide phosphorique
CO2-0021,2024-06-14,Safi,Casablanca Port,Maritime,949,205.6,1560.92,1999.95,22.0,0.008,True,MAP
CO2-0022,2024-10-25,Safi,Laayoune,Route,533,92.2,5110.83,7654.52,33.2,0.104,True,Urée
CO2-0023,2025-01-16,Khouribga,Casablanca Port,Route,120,443.3,5106.82,6908.65,26.1,0.096,True,Sulfate d'ammonium
CO2-0024,2024-12-09,Benguerir,Khouribga,Route,80,315.5,2624.96,3707.21,29.2,0.104,True,Sulfate d'ammonium
CO2-0025,2024-10-20,Youssoufia,Laayoune,Rail,695,421.7,7327.04,9224.26,20.6,0.025,True,Urée
CO2-0026,2024-07-12,Youssoufia,Benguerir,Route,441,214.4,9076.84,13163.48,31.0,0.096,True,Phosphate brut
CO2-0027,2025-03-13,Safi,Casablanca Port,Route,104,349.5,3780.19,4859.15,22.2,0.104,True,MAP
CO2-0028,2024-10-06,Safi,Laayoune,Rail,478,294.4,3518.08,4690.8,25.0,0.025,True,NPS
CO2-0029,2024-07-17,Safi,Laayoune,Route,514,62.9,3362.38,4444.66,24.4,0.104,True,Acide phosphorique
CO2-0030,2025-03-30,Benguerir,Safi,Route,95,100.9,996.89,1421.32,29.9,0.104,True,Phosphate brut
CO2-0031,2024-06-26,Laayoune,Khouribga,Route,453,43.0,2025.82,2494.78,18.8,0.104,True,TSP
CO2-0032,2024-03-02,Khouribga,Casablanca Port,Maritime,120,44.0,36.96,51.15,27.7,0.007,True,Acide phosphorique
CO2-0033,2024-08-04,Safi,Youssoufia,Route,60,432.1,2488.9,3745.43,33.5,0.096,True,TSP
CO2-0034,2024-06-29,Youssoufia,Jorf Lasfar,Route,90,269.8,2331.07,3508.57,33.6,0.096,True,DAP
CO2-0035,2024-12-31,Jorf Lasfar,Laayoune,Maritime,820,158.4,909.22,1390.84,34.6,0.007,True,TSP
CO2-0036,2024-02-22,Youssoufia,Khouribga,Rail,697,362.0,5550.91,8162.57,32.0,0.022,True,Acide phosphorique
CO2-0037,2025-03-05,Laayoune,Youssoufia,Maritime,207,393.9,652.3,956.47,31.8,0.008,True,TSP
CO2-0038,2024-09-09,Youssoufia,Casablanca Port,Rail,331,397.7,2896.05,4342.32,33.3,0.022,True,Acide phosphorique
CO2-0039,2024-11-01,Jorf Lasfar,Khouribga,Maritime,180,449.5,647.28,807.31,19.8,0.008,True,DAP
CO2-0040,2024-10-12,Safi,Youssoufia,Rail,60,433.6,572.35,801.78,28.6,0.022,True,Acide phosphorique
CO2-0041,2024-07-11,Safi,Youssoufia,Route,60,360.9,2252.02,2830.18,20.4,0.104,True,DAP
CO2-0042,2025-02-14,Khouribga,Jorf Lasfar,Rail,180,157.9,625.28,925.16,32.4,0.022,True,Urée
CO2-0043,2024-12-28,Jorf Lasfar,Casablanca Port,Maritime,95,446.6,296.99,456.4,34.9,0.007,True,Sulfate d'ammonium
CO2-0044,2024-11-10,Laayoune,Jorf Lasfar,Maritime,820,422.1,2768.98,4051.21,31.7,0.008,True,Urée
CO2-0045,2024-06-09,Youssoufia,Casablanca Port,Route,209,406.3,8831.34,10824.54,18.4,0.104,True,Sulfate d'ammonium
CO2-0046,2024-10-24,Laayoune,Benguerir,Rail,698,454.0,7922.3,10549.18,24.9,0.025,True,Sulfate d'ammonium
CO2-0047,2024-06-16,Khouribga,Safi,Route,155,380.1,6127.21,8286.67,26.1,0.104,True,TSP
CO2-0048,2024-08-22,Safi,Casablanca Port,Maritime,223,331.6,517.63,692.96,25.3,0.007,True,TSP
CO2-0049,2024-12-28,Khouribga,Benguerir,Route,80,253.7,2110.78,3059.6,31.0,0.104,True,Sulfate d'ammonium
CO2-0050,2024-07-09,Youssoufia,Jorf Lasfar,Rail,90,480.6,951.59,1457.55,34.7,0.022,True,MAP
CO2-0051,2024-10-27,Benguerir,Safi,Rail,95,243.2,577.6,872.45,33.8,0.025,True,Urée
CO2-0052,2025-03-04,Khouribga,Casablanca Port,Route,120,414.1,4770.43,6521.12,26.8,0.096,True,NPS
CO2-0053,2025-01-28,Khouribga,Safi,Route,155,169.0,2514.72,3163.72,20.5,0.096,True,MAP
CO2-0054,2024-01-20,Youssoufia,Laayoune,Maritime,655,149.4,685.0,944.15,27.4,0.007,True,Sulfate d'ammonium
CO2-0055,2024-12-23,Khouribga,Jorf Lasfar,Route,180,403.3,7549.78,9976.46,24.3,0.104,True,Sulfate d'ammonium
CO2-0056,2024-04-05,Benguerir,Safi,Rail,95,268.2,636.98,961.35,33.7,0.025,True,NPS
CO2-0057,2025-03-15,Safi,Casablanca Port,Rail,762,394.1,7507.61,10338.59,27.4,0.025,True,TSP
CO2-0058,2024-07-26,Laayoune,Safi,Route,756,362.9,26337.83,32932.38,20.0,0.096,True,Phosphate brut
CO2-0059,2024-02-02,Khouribga,Casablanca Port,Route,120,209.3,2612.06,3174.71,17.7,0.104,True,DAP
CO2-0060,2024-04-27,Youssoufia,Benguerir,Route,662,113.0,7779.82,10498.24,25.9,0.104,True,Acide phosphorique
CO2-0061,2024-07-25,Youssoufia,Khouribga,Rail,247,432.2,2668.84,3881.92,31.2,0.025,True,MAP
CO2-0062,2024-03-03,Youssoufia,Jorf Lasfar,Rail,90,256.9,508.66,729.57,30.3,0.022,True,Sulfate d'ammonium
CO2-0063,2024-07-19,Jorf Lasfar,Laayoune,Route,820,478.7,37683.26,52830.62,28.7,0.096,True,Sulfate d'ammonium
CO2-0064,2025-02-07,Casablanca Port,Laayoune,Route,900,94.7,8182.08,11773.28,30.5,0.096,True,Phosphate brut
CO2-0065,2025-01-30,Youssoufia,Khouribga,Route,574,150.7,8996.19,11741.82,23.4,0.104,True,Urée
CO2-0066,2024-03-23,Khouribga,Casablanca Port,Route,120,434.3,5003.14,7446.79,32.8,0.096,True,Phosphate brut
CO2-0067,2024-03-17,Laayoune,Youssoufia,Rail,555,454.5,5549.44,8013.86,30.8,0.022,True,Sulfate d'ammonium
CO2-0068,2024-08-20,Safi,Laayoune,Route,509,292.0,15457.31,18987.69,18.6,0.104,True,TSP
CO2-0069,2024-02-14,Jorf Lasfar,Safi,Maritime,75,392.0,205.8,278.34,26.1,0.007,True,Urée
CO2-0070,2024-10-14,Youssoufia,Jorf Lasfar,Route,90,180.2,1686.67,2093.8,19.4,0.104,True,Phosphate brut
CO2-0071,2024-11-30,Safi,Jorf Lasfar,Route,75,122.7,957.06,1433.01,33.2,0.104,True,Acide phosphorique
CO2-0072,2024-09-11,Youssoufia,Casablanca Port,Rail,424,96.4,899.22,1265.84,29.0,0.022,True,MAP
CO2-0073,2024-04-26,Khouribga,Youssoufia,Rail,895,374.0,8368.25,11624.58,28.0,0.025,True,NPS
CO2-0074,2024-01-02,Khouribga,Laayoune,Maritime,235,496.1,816.08,1113.89,26.7,0.007,True,DAP
CO2-0075,2024-10-04,Youssoufia,Safi,Route,60,349.1,2010.82,2881.75,30.2,0.096,True,MAP
CO2-0076,2025-03-28,Khouribga,Benguerir,Route,80,68.0,522.24,641.74,18.6,0.096,True,DAP
CO2-0077,2024-10-30,Jorf Lasfar,Khouribga,Rail,180,101.6,402.34,598.87,32.8,0.022,True,NPS
CO2-0078,2025-02-12,Khouribga,Safi,Maritime,155,315.4,391.1,479.13,18.4,0.008,True,Acide phosphorique
CO2-0079,2024-05-02,Youssoufia,Khouribga,Route,700,429.1,31238.48,44521.47,29.8,0.104,True,MAP
CO2-0080,2024-11-01,Safi,Casablanca Port,Rail,785,156.2,2697.57,4041.65,33.3,0.022,True,TSP
CO2-0081,2024-08-25,Casablanca Port,Safi,Route,447,476.8,22165.48,28876.71,23.2,0.104,True,Urée
CO2-0082,2024-07-05,Safi,Youssoufia,Route,60,176.8,1018.37,1386.46,26.5,0.096,True,TSP
CO2-0083,2024-04-24,Khouribga,Youssoufia,Rail,681,440.1,7492.7,9273.61,19.2,0.025,True,NPS
CO2-0084,2024-09-15,Youssoufia,Benguerir,Maritime,155,155.6,168.83,243.23,30.6,0.007,True,Phosphate brut
CO2-0085,2025-03-04,Casablanca Port,Safi,Route,499,78.9,4094.59,5958.79,31.3,0.104,True,Acide phosphorique
CO2-0086,2024-05-01,Casablanca Port,Youssoufia,Route,751,36.2,2827.36,3779.55,25.2,0.104,True,Sulfate d'ammonium
CO2-0087,2024-07-14,Khouribga,Youssoufia,Rail,941,429.5,10103.99,13502.42,25.2,0.025,True,NPS
CO2-0088,2024-09-08,Safi,Laayoune,Route,882,360.4,33058.77,44872.79,26.3,0.104,True,Sulfate d'ammonium
CO2-0089,2025-03-16,Casablanca Port,Laayoune,Route,900,171.1,16014.96,24084.05,33.5,0.104,True,TSP
CO2-0090,2024-09-16,Khouribga,Benguerir,Route,80,64.7,496.9,622.05,20.1,0.096,True,TSP
CO2-0091,2024-06-06,Youssoufia,Casablanca Port,Maritime,587,479.4,2251.26,3269.45,31.1,0.008,True,Urée
CO2-0092,2024-10-16,Khouribga,Youssoufia,Maritime,449,361.5,1136.19,1497.51,24.1,0.007,True,MAP
CO2-0093,2025-01-27,Safi,Casablanca Port,Rail,296,90.9,591.94,766.98,22.8,0.022,True,Urée
CO2-0094,2024-01-31,Jorf Lasfar,Casablanca Port,Maritime,95,114.4,86.94,118.17,26.4,0.008,True,Acide phosphorique
CO2-0095,2024-11-12,Jorf Lasfar,Safi,Rail,75,179.7,336.94,473.83,28.9,0.025,True,MAP
CO2-0096,2024-09-01,Safi,Jorf Lasfar,Route,75,294.5,2297.1,3427.69,33.0,0.104,True,Phosphate brut
CO2-0097,2024-06-27,Safi,Benguerir,Route,95,429.0,3912.48,5610.31,30.3,0.096,True,Acide phosphorique
CO2-0098,2024-06-21,Safi,Benguerir,Rail,95,130.0,308.75,473.38,34.8,0.025,True,NPS
CO2-0099,2024-02-29,Youssoufia,Jorf Lasfar,Rail,90,42.9,96.52,142.93,32.5,0.025,True,Acide phosphorique
CO2-0100,2024-08-25,Jorf Lasfar,Casablanca Port,Route,95,260.8,2576.7,3785.47,31.9,0.104,True,DAP
CO2-0101,2024-08-11,Safi,Casablanca Port,Rail,626,337.4,4646.67,6844.02,32.1,0.022,True,Phosphate brut
CO2-0102,2024-06-04,Safi,Casablanca Port,Maritime,416,105.1,306.05,368.78,17.0,0.007,True,Urée
CO2-0103,2024-01-17,Khouribga,Safi,Maritime,155,474.4,514.72,635.58,19.0,0.007,True,Acide phosphorique
CO2-0104,2024-05-05,Youssoufia,Laayoune,Route,767,143.4,10558.83,16018.63,34.1,0.096,True,Phosphate brut
CO2-0105,2024-08-12,Casablanca Port,Youssoufia,Route,179,387.2,6653.64,8705.11,23.6,0.096,True,MAP
CO2-0106,2024-02-21,Khouribga,Benguerir,Rail,80,477.7,955.4,1406.86,32.1,0.025,True,Acide phosphorique
CO2-0107,2025-02-19,Youssoufia,Khouribga,Route,425,78.3,3460.86,4716.65,26.6,0.104,True,MAP
CO2-0108,2024-10-03,Safi,Laayoune,Maritime,364,397.0,1156.06,1706.52,32.3,0.008,True,Sulfate d'ammonium
CO2-0109,2024-01-15,Youssoufia,Jorf Lasfar,Rail,90,473.6,937.73,1424.24,34.2,0.022,True,MAP
CO2-0110,2025-02-19,Khouribga,Benguerir,Rail,80,97.0,170.72,216.47,21.1,0.022,True,Sulfate d'ammonium
CO2-0111,2024-03-21,Khouribga,Safi,Route,155,383.2,6177.18,9157.96,32.5,0.104,True,Urée
CO2-0112,2024-02-21,Youssoufia,Benguerir,Rail,715,326.0,5127.98,7905.54,35.1,0.022,True,Phosphate brut
CO2-0113,2024-10-27,Laayoune,Casablanca Port,Route,900,390.0,36504.0,47921.54,23.8,0.104,True,Sulfate d'ammonium
CO2-0114,2025-03-19,Youssoufia,Khouribga,Rail,543,110.3,1497.32,1983.05,24.5,0.025,True,Sulfate d'ammonium
CO2-0115,2024-09-01,Casablanca Port,Benguerir,Route,847,422.0,37173.14,55822.99,33.4,0.104,True,MAP
CO2-0116,2024-03-31,Youssoufia,Khouribga,Maritime,613,289.5,1419.71,1998.26,29.0,0.008,True,NPS
CO2-0117,2024-04-03,Safi,Casablanca Port,Maritime,823,385.6,2538.79,3601.86,29.5,0.008,True,DAP
CO2-0118,2024-11-26,Laayoune,Casablanca Port,Route,900,169.8,14670.72,19111.66,23.2,0.096,True,MAP
CO2-0119,2024-10-21,Khouribga,Safi,Maritime,155,354.0,384.09,595.24,35.5,0.007,True,Acide phosphorique
CO2-0120,2025-01-22,Benguerir,Jorf Lasfar,Rail,110,194.6,535.15,699.94,23.5,0.025,True,Acide phosphorique
CO2-0121,2024-03-13,Safi,Khouribga,Rail,155,177.3,687.04,1033.53,33.5,0.025,True,MAP
CO2-0122,2024-09-04,Benguerir,Khouribga,Rail,80,388.6,777.2,1174.3,33.8,0.025,True,TSP
CO2-0123,2024-02-08,Jorf Lasfar,Youssoufia,Maritime,90,57.8,41.62,53.97,22.9,0.008,True,MAP
CO2-0124,2025-02-28,Laayoune,Casablanca Port,Maritime,900,437.7,3151.44,4109.55,23.3,0.008,True,Acide phosphorique
CO2-0125,2024-11-22,Khouribga,Jorf Lasfar,Rail,180,461.0,2074.5,2556.9,18.9,0.025,True,Sulfate d'ammonium
CO2-0126,2024-01-04,Benguerir,Laayoune,Rail,220,53.0,291.5,360.7,19.2,0.025,True,NPS
CO2-0127,2024-07-24,Khouribga,Jorf Lasfar,Route,180,280.1,4840.13,6077.18,20.4,0.096,True,Phosphate brut
CO2-0128,2025-03-17,Khouribga,Safi,Rail,155,331.3,1129.73,1632.74,30.8,0.022,True,MAP
CO2-0129,2024-04-08,Casablanca Port,Khouribga,Route,120,369.8,4615.1,5811.7,20.6,0.104,True,Phosphate brut
CO2-0130,2025-03-23,Safi,Khouribga,Maritime,155,440.0,477.4,705.66,32.3,0.007,True,Phosphate brut
CO2-0131,2024-10-28,Safi,Casablanca Port,Rail,140,226.3,697.0,883.35,21.1,0.022,True,Acide phosphorique
CO2-0132,2025-03-25,Benguerir,Youssoufia,Route,684,217.5,15472.08,20124.26,23.1,0.104,True,Phosphate brut
CO2-0133,2025-01-21,Jorf Lasfar,Khouribga,Maritime,180,142.4,179.42,215.4,16.7,0.007,True,MAP
CO2-0134,2024-04-09,Safi,Casablanca Port,Rail,844,141.4,2625.52,3680.49,28.7,0.022,True,MAP
CO2-0135,2024-07-13,Casablanca Port,Youssoufia,Rail,808,39.3,698.6,1020.45,31.5,0.022,True,MAP
CO2-0136,2024-03-28,Casablanca Port,Safi,Rail,303,152.7,1017.9,1426.18,28.6,0.022,True,Phosphate brut
CO2-0137,2024-09-22,Casablanca Port,Khouribga,Maritime,120,218.4,183.46,233.4,21.4,0.007,True,TSP
CO2-0138,2024-10-13,Youssoufia,Laayoune,Maritime,884,79.2,490.09,643.87,23.9,0.007,True,Urée
CO2-0139,2024-06-05,Safi,Laayoune,Maritime,776,152.0,943.62,1415.63,33.3,0.008,True,TSP
CO2-0140,2024-07-07,Youssoufia,Jorf Lasfar,Route,90,437.6,3780.86,5185.33,27.1,0.096,True,Acide phosphorique
CO2-0141,2024-05-03,Safi,Khouribga,Route,155,228.0,3392.64,4144.08,18.1,0.096,True,DAP
CO2-0142,2024-03-26,Casablanca Port,Safi,Maritime,376,117.8,354.34,534.51,33.7,0.008,True,TSP
CO2-0143,2025-01-02,Benguerir,Safi,Rail,95,389.1,813.22,1199.49,32.2,0.022,True,MAP
CO2-0144,2024-12-15,Jorf Lasfar,Safi,Route,75,329.2,2370.24,3010.97,21.3,0.096,True,Acide phosphorique
CO2-0145,2024-06-20,Laayoune,Safi,Route,356,97.0,3591.33,4860.31,26.1,0.104,True,TSP
CO2-0146,2025-03-04,Khouribga,Benguerir,Maritime,80,204.6,114.58,157.94,27.5,0.007,True,TSP
CO2-0147,2024-03-17,Khouribga,Safi,Maritime,155,270.6,293.6,380.25,22.8,0.007,True,Acide phosphorique
CO2-0148,2024-03-24,Casablanca Port,Safi,Rail,144,292.2,1051.92,1351.12,22.1,0.025,True,Acide phosphorique
CO2-0149,2025-03-22,Benguerir,Youssoufia,Maritime,649,430.8,1957.12,2895.85,32.4,0.007,True,TSP
CO2-0150,2024-01-16,Casablanca Port,Safi,Maritime,83,91.6,60.82,79.95,23.9,0.008,True,Urée
CO2-0151,2024-03-25,Jorf Lasfar,Benguerir,Rail,110,112.8,310.2,451.78,31.3,0.025,True,Urée
CO2-0152,2024-11-08,Benguerir,Laayoune,Route,680,115.7,7552.9,10834.2,30.3,0.096,True,Sulfate d'ammonium
CO2-0153,2024-07-09,Khouribga,Jorf Lasfar,Route,180,114.2,2137.82,2808.35,23.9,0.104,True,Sulfate d'ammonium
CO2-0154,2024-06-25,Benguerir,Jorf Lasfar,Rail,110,180.0,435.6,588.4,26.0,0.022,True,DAP
CO2-0155,2024-06-28,Casablanca Port,Khouribga,Rail,120,450.0,1350.0,1814.07,25.6,0.025,True,DAP
CO2-0156,2024-02-26,Youssoufia,Jorf Lasfar,Route,90,498.1,4662.22,5762.11,19.1,0.104,True,NPS
CO2-0157,2024-10-15,Casablanca Port,Youssoufia,Rail,835,123.0,2259.51,2788.01,19.0,0.022,True,Acide phosphorique
CO2-0158,2024-12-15,Khouribga,Casablanca Port,Route,120,495.8,6187.58,9359.25,33.9,0.104,True,MAP
CO2-0159,2024-07-13,Benguerir,Youssoufia,Maritime,201,64.9,104.36,154.13,32.3,0.008,True,Phosphate brut
CO2-0160,2024-01-05,Khouribga,Jorf Lasfar,Maritime,180,279.7,352.42,537.15,34.4,0.007,True,NPS
CO2-0161,2025-01-26,Laayoune,Youssoufia,Route,418,68.0,2956.1,4150.39,28.8,0.104,True,Acide phosphorique
CO2-0162,2024-12-17,Khouribga,Jorf Lasfar,Maritime,180,468.6,590.44,823.49,28.3,0.007,True,TSP
CO2-0163,2024-08-01,Khouribga,Laayoune,Rail,722,294.4,5313.92,6734.81,21.1,0.025,True,TSP
CO2-0164,2024-06-11,Youssoufia,Laayoune,Rail,830,106.1,2201.57,2794.18,21.2,0.025,True,Acide phosphorique
CO2-0165,2024-04-14,Safi,Khouribga,Maritime,155,128.3,139.21,168.59,17.4,0.007,True,Phosphate brut
CO2-0166,2024-04-29,Benguerir,Laayoune,Route,934,349.6,31346.53,45163.17,30.6,0.096,True,TSP
CO2-0167,2025-02-18,Safi,Jorf Lasfar,Rail,75,199.8,374.62,472.5,20.7,0.025,True,Urée
CO2-0168,2024-11-18,Khouribga,Youssoufia,Rail,296,55.1,358.81,444.19,19.2,0.022,True,Phosphate brut
CO2-0169,2025-03-07,Casablanca Port,Youssoufia,Route,810,269.7,20971.87,31653.68,33.7,0.096,True,Sulfate d'ammonium
CO2-0170,2024-06-16,Safi,Youssoufia,Maritime,60,337.0,161.76,248.1,34.8,0.008,True,Urée
CO2-0171,2024-06-15,Youssoufia,Casablanca Port,Route,365,171.6,6513.94,9928.38,34.4,0.104,True,DAP
CO2-0172,2024-12-27,Youssoufia,Jorf Lasfar,Route,90,390.8,3376.51,5147.61,34.4,0.096,True,MAP
CO2-0173,2025-02-18,Laayoune,Casablanca Port,Rail,900,130.3,2579.94,3953.36,34.7,0.022,True,MAP
CO2-0174,2024-04-15,Jorf Lasfar,Safi,Route,75,298.7,2329.86,2838.91,17.9,0.104,True,TSP
CO2-0175,2025-01-29,Jorf Lasfar,Youssoufia,Rail,90,455.8,902.48,1354.09,33.4,0.022,True,MAP
CO2-0176,2025-02-21,Youssoufia,Casablanca Port,Maritime,165,182.8,241.3,297.46,18.9,0.008,True,Acide phosphorique
CO2-0177,2024-11-28,Benguerir,Casablanca Port,Rail,927,105.6,2153.61,2954.06,27.1,0.022,True,Phosphate brut
CO2-0178,2024-04-24,Youssoufia,Benguerir,Maritime,731,62.9,321.86,456.62,29.5,0.007,True,MAP
CO2-0179,2024-09-06,Safi,Laayoune,Maritime,639,58.5,261.67,356.22,26.5,0.007,True,Acide phosphorique
CO2-0180,2024-01-22,Laayoune,Benguerir,Rail,113,387.4,1094.4,1610.25,32.0,0.025,True,DAP
CO2-0181,2024-03-03,Laayoune,Casablanca Port,Rail,900,174.8,3933.0,4833.35,18.6,0.025,True,Phosphate brut
CO2-0182,2024-10-15,Safi,Khouribga,Route,155,449.3,7242.72,8836.38,18.0,0.104,True,DAP
CO2-0183,2024-03-30,Casablanca Port,Youssoufia,Route,400,201.9,7752.96,11459.97,32.3,0.096,True,Acide phosphorique
CO2-0184,2024-04-24,Laayoune,Benguerir,Route,243,60.8,1418.34,2000.03,29.1,0.096,True,NPS
CO2-0185,2024-05-16,Benguerir,Jorf Lasfar,Maritime,110,56.8,49.98,74.4,32.8,0.008,True,Acide phosphorique
CO2-0186,2024-02-01,Jorf Lasfar,Casablanca Port,Rail,95,202.1,479.99,661.19,27.4,0.025,True,NPS
CO2-0187,2024-07-21,Khouribga,Youssoufia,Maritime,130,21.3,22.15,33.45,33.8,0.008,True,Urée
CO2-0188,2025-02-04,Benguerir,Laayoune,Route,170,193.5,3157.92,4093.54,22.9,0.096,True,TSP
CO2-0189,2024-04-25,Safi,Jorf Lasfar,Maritime,75,133.2,79.92,118.22,32.4,0.008,True,Phosphate brut
CO2-0190,2024-05-12,Benguerir,Safi,Maritime,95,195.8,130.21,192.03,32.2,0.007,True,Urée
CO2-0191,2024-12-30,Casablanca Port,Khouribga,Maritime,120,38.9,37.34,45.5,17.9,0.008,True,Phosphate brut
CO2-0192,2024-10-02,Youssoufia,Jorf Lasfar,Maritime,90,288.0,207.36,305.91,32.2,0.008,True,DAP
CO2-0193,2024-02-20,Laayoune,Jorf Lasfar,Maritime,820,108.7,623.94,761.99,18.1,0.007,True,DAP
CO2-0194,2025-03-07,Khouribga,Jorf Lasfar,Route,180,273.7,4729.54,7190.47,34.2,0.096,True,DAP
CO2-0195,2024-05-17,Benguerir,Laayoune,Maritime,344,481.8,1160.17,1614.51,28.1,0.007,True,NPS
CO2-0196,2024-05-25,Safi,Youssoufia,Maritime,60,201.5,96.72,133.95,27.8,0.008,True,MAP
CO2-0197,2024-04-19,Safi,Benguerir,Rail,95,343.0,716.87,1035.04,30.7,0.022,True,Acide phosphorique
CO2-0198,2024-08-26,Casablanca Port,Youssoufia,Maritime,665,329.7,1754.0,2355.05,25.5,0.008,True,TSP
CO2-0199,2024-10-13,Khouribga,Benguerir,Route,80,364.2,3030.14,4402.15,31.2,0.104,True,Urée
CO2-0200,2024-12-24,Youssoufia,Khouribga,Route,876,140.9,11849.13,17841.3,33.6,0.096,True,Urée
CO2-0201,2024-10-17,Benguerir,Laayoune,Route,240,190.2,4747.39,6955.78,31.7,0.104,True,DAP
CO2-0202,2024-09-21,Youssoufia,Jorf Lasfar,Rail,90,344.4,681.91,948.0,28.1,0.022,True,TSP
CO2-0203,2024-12-30,Benguerir,Youssoufia,Maritime,103,341.0,245.86,327.5,24.9,0.007,True,Urée
CO2-0204,2025-02-15,Laayoune,Benguerir,Route,605,296.3,17209.1,23693.93,27.4,0.096,True,DAP
CO2-0205,2025-03-07,Laayoune,Youssoufia,Maritime,191,196.8,263.12,379.97,30.8,0.007,True,TSP
CO2-0206,2024-12-27,Laayoune,Benguerir,Route,822,486.8,38414.36,54299.98,29.3,0.096,True,DAP
CO2-0207,2024-02-14,Casablanca Port,Laayoune,Route,900,159.1,13746.24,21273.6,35.4,0.096,True,Acide phosphorique
CO2-0208,2024-10-02,Youssoufia,Benguerir,Rail,293,485.5,3129.53,3968.29,21.1,0.022,True,Acide phosphorique
CO2-0209,2024-06-21,Jorf Lasfar,Benguerir,Maritime,110,209.5,161.31,239.12,32.5,0.007,True,MAP
CO2-0210,2024-12-28,Khouribga,Youssoufia,Maritime,694,238.3,1157.66,1681.43,31.2,0.007,True,MAP
CO2-0211,2024-03-12,Jorf Lasfar,Khouribga,Maritime,180,135.7,195.41,277.64,29.6,0.008,True,Phosphate brut
CO2-0212,2024-06-24,Safi,Youssoufia,Rail,60,329.1,434.41,527.25,17.6,0.022,True,Urée
CO2-0213,2025-01-27,Laayoune,Khouribga,Maritime,158,479.0,529.77,727.82,27.2,0.007,True,Sulfate d'ammonium
CO2-0214,2025-03-05,Safi,Khouribga,Route,155,432.0,6963.84,10112.19,31.1,0.104,True,DAP
CO2-0215,2024-01-23,Khouribga,Benguerir,Rail,80,32.8,57.73,81.12,28.8,0.022,True,Sulfate d'ammonium
CO2-0216,2025-02-10,Laayoune,Safi,Rail,642,81.4,1306.47,1990.43,34.4,0.025,True,Phosphate brut
CO2-0217,2025-01-21,Casablanca Port,Safi,Route,563,325.7,17603.43,22749.98,22.6,0.096,True,Acide phosphorique
CO2-0218,2024-01-03,Laayoune,Jorf Lasfar,Rail,820,455.8,9343.9,14098.06,33.7,0.025,True,Phosphate brut
CO2-0219,2024-02-15,Safi,Benguerir,Maritime,95,186.0,141.36,173.4,18.5,0.008,True,MAP
CO2-0220,2024-08-10,Laayoune,Khouribga,Maritime,734,390.5,2293.02,2838.99,19.2,0.008,True,Acide phosphorique
CO2-0221,2024-01-21,Youssoufia,Benguerir,Route,622,249.1,16113.78,22644.61,28.8,0.104,True,Urée
CO2-0222,2025-01-27,Youssoufia,Benguerir,Maritime,241,472.0,796.26,996.73,20.1,0.007,True,Phosphate brut
CO2-0223,2024-03-12,Safi,Benguerir,Route,95,220.8,2013.7,2596.27,22.4,0.096,True,DAP
CO2-0224,2025-02-20,Casablanca Port,Laayoune,Maritime,900,82.4,519.12,696.94,25.5,0.007,True,DAP
CO2-0225,2024-09-19,Laayoune,Benguerir,Maritime,101,393.4,278.13,356.89,22.1,0.007,True,Urée
CO2-0226,2024-03-15,Safi,Jorf Lasfar,Maritime,75,269.3,141.38,175.42,19.4,0.007,True,TSP
CO2-0227,2024-02-13,Safi,Khouribga,Rail,155,439.9,1704.61,2355.92,27.6,0.025,True,Phosphate brut
CO2-0228,2024-01-22,Benguerir,Jorf Lasfar,Route,110,62.4,713.86,953.15,25.1,0.104,True,NPS
CO2-0229,2024-05-16,Khouribga,Safi,Maritime,155,68.0,73.78,108.36,31.9,0.007,True,Acide phosphorique
CO2-0230,2025-03-03,Benguerir,Safi,Rail,95,226.3,537.46,679.45,20.9,0.025,True,MAP
CO2-0231,2024-04-20,Safi,Laayoune,Route,514,386.3,20650.05,29269.64,29.4,0.104,True,Acide phosphorique
CO2-0232,2025-03-06,Benguerir,Laayoune,Rail,198,136.2,674.19,810.2,16.8,0.025,True,NPS
CO2-0233,2025-03-03,Laayoune,Youssoufia,Route,385,134.0,4952.64,7220.11,31.4,0.096,True,TSP
CO2-0234,2024-04-06,Safi,Khouribga,Rail,155,329.7,1124.28,1370.15,17.9,0.022,True,Sulfate d'ammonium
CO2-0235,2024-02-06,Safi,Laayoune,Maritime,98,310.7,213.14,293.62,27.4,0.007,True,MAP
CO2-0236,2024-01-13,Laayoune,Benguerir,Route,667,107.3,6870.63,9963.3,31.0,0.096,True,NPS
CO2-0237,2025-03-20,Benguerir,Casablanca Port,Rail,492,383.0,4145.59,5879.78,29.5,0.022,True,Urée
CO2-0238,2024-08-18,Laayoune,Jorf Lasfar,Maritime,820,200.4,1314.62,1959.57,32.9,0.008,True,NPS
CO2-0239,2024-10-11,Khouribga,Casablanca Port,Route,120,276.9,3189.89,4474.61,28.7,0.096,True,Phosphate brut
CO2-0240,2025-01-23,Youssoufia,Safi,Maritime,60,161.3,77.42,116.95,33.8,0.008,True,Phosphate brut
CO2-0241,2024-06-22,Youssoufia,Benguerir,Rail,269,422.8,2843.33,3705.0,23.3,0.025,True,TSP
CO2-0242,2024-02-12,Laayoune,Safi,Route,657,288.7,19726.29,26487.21,25.5,0.104,True,DAP
CO2-0243,2024-12-21,Jorf Lasfar,Safi,Rail,75,327.3,540.04,792.42,31.8,0.022,True,DAP
CO2-0244,2025-03-12,Casablanca Port,Safi,Rail,847,123.6,2303.16,3523.98,34.6,0.022,True,Phosphate brut
CO2-0245,2024-10-08,Jorf Lasfar,Casablanca Port,Rail,95,341.7,714.15,1019.5,30.0,0.022,True,TSP
CO2-0246,2024-08-09,Casablanca Port,Jorf Lasfar,Rail,95,413.0,980.88,1461.32,32.9,0.025,True,Sulfate d'ammonium
CO2-0247,2025-03-15,Safi,Laayoune,Rail,225,453.1,2548.69,3602.58,29.3,0.025,True,Sulfate d'ammonium
CO2-0248,2024-10-05,Khouribga,Casablanca Port,Rail,120,303.4,800.98,1113.82,28.1,0.022,True,TSP
CO2-0249,2024-10-24,Safi,Laayoune,Route,175,396.1,6654.48,9319.73,28.6,0.096,True,Sulfate d'ammonium
CO2-0250,2025-03-12,Safi,Laayoune,Rail,929,124.0,2879.9,3941.65,26.9,0.025,True,Urée
CO2-0251,2025-02-14,Khouribga,Laayoune,Maritime,229,387.9,621.8,814.43,23.7,0.007,True,Sulfate d'ammonium
CO2-0252,2024-07-26,Laayoune,Khouribga,Route,943,112.2,10157.24,13605.98,25.3,0.096,True,TSP
CO2-0253,2024-02-01,Youssoufia,Casablanca Port,Route,950,264.3,24104.16,36135.1,33.3,0.096,True,TSP
CO2-0254,2025-02-03,Safi,Youssoufia,Rail,60,340.5,510.75,690.53,26.0,0.025,True,Urée
CO2-0255,2024-10-27,Safi,Khouribga,Rail,155,420.2,1628.27,2241.09,27.3,0.025,True,MAP
CO2-0256,2024-01-20,Khouribga,Laayoune,Rail,913,313.7,6300.98,7666.85,17.8,0.022,True,MAP
CO2-0257,2024-03-03,Safi,Casablanca Port,Rail,706,331.2,5845.68,7614.36,23.2,0.025,True,MAP
CO2-0258,2024-05-17,Laayoune,Casablanca Port,Route,900,237.5,20520.0,30821.34,33.4,0.096,True,Phosphate brut
CO2-0259,2024-04-21,Laayoune,Jorf Lasfar,Route,820,217.3,18531.34,22563.85,17.9,0.104,True,Sulfate d'ammonium
CO2-0260,2025-01-19,Youssoufia,Laayoune,Route,356,28.1,960.35,1300.53,26.2,0.096,True,Acide phosphorique
CO2-0261,2024-04-18,Safi,Youssoufia,Rail,60,472.6,708.9,1030.82,31.2,0.025,True,Urée
CO2-0262,2025-03-07,Casablanca Port,Youssoufia,Maritime,220,185.4,326.3,482.77,32.4,0.008,True,NPS
CO2-0263,2024-05-05,Casablanca Port,Laayoune,Route,900,463.1,43346.16,60593.49,28.5,0.104,True,MAP
CO2-0264,2025-02-18,Laayoune,Benguerir,Rail,486,469.6,5705.64,7371.57,22.6,0.025,True,Phosphate brut
CO2-0265,2024-04-13,Youssoufia,Benguerir,Route,317,62.8,2070.39,3175.91,34.8,0.104,True,Sulfate d'ammonium
CO2-0266,2024-11-07,Benguerir,Laayoune,Rail,287,185.5,1171.25,1450.07,19.2,0.022,True,MAP
CO2-0267,2024-05-07,Safi,Khouribga,Rail,155,498.1,1698.52,2441.3,30.4,0.022,True,MAP
CO2-0268,2024-11-23,Jorf Lasfar,Youssoufia,Rail,90,74.1,166.72,213.95,22.1,0.025,True,Sulfate d'ammonium
CO2-0269,2024-09-24,Youssoufia,Jorf Lasfar,Route,90,295.2,2763.07,3679.29,24.9,0.104,True,Phosphate brut
CO2-0270,2024-08-26,Youssoufia,Jorf Lasfar,Rail,90,281.7,633.82,819.28,22.6,0.025,True,DAP
CO2-0271,2024-11-03,Casablanca Port,Youssoufia,Maritime,410,42.9,140.71,183.33,23.2,0.008,True,DAP
CO2-0272,2024-02-11,Laayoune,Khouribga,Route,362,156.7,5899.44,7567.67,22.0,0.104,True,Phosphate brut
CO2-0273,2024-03-25,Casablanca Port,Benguerir,Rail,487,245.8,2992.62,4562.82,34.4,0.025,True,NPS
CO2-0274,2024-05-24,Casablanca Port,Safi,Maritime,605,101.8,431.12,528.69,18.5,0.007,True,TSP
CO2-0275,2024-05-21,Casablanca Port,Khouribga,Route,120,302.7,3777.7,4668.55,19.1,0.104,True,Phosphate brut
CO2-0276,2024-09-21,Benguerir,Casablanca Port,Route,255,294.8,7818.1,11391.69,31.4,0.104,True,NPS
CO2-0277,2024-11-26,Laayoune,Casablanca Port,Maritime,900,230.2,1450.26,2180.18,33.5,0.007,True,Phosphate brut
CO2-0278,2024-05-17,Laayoune,Jorf Lasfar,Rail,820,427.1,7704.88,10711.55,28.1,0.022,True,Sulfate d'ammonium
CO2-0279,2024-12-15,Safi,Khouribga,Route,155,294.8,4386.62,6737.49,34.9,0.096,True,DAP
CO2-0280,2024-11-28,Safi,Laayoune,Maritime,637,365.2,1861.06,2495.63,25.4,0.008,True,MAP
CO2-0281,2025-01-20,Safi,Jorf Lasfar,Maritime,75,213.3,111.98,143.62,22.0,0.007,True,Urée
CO2-0282,2024-10-19,Jorf Lasfar,Youssoufia,Rail,90,387.0,870.75,1209.66,28.0,0.025,True,MAP
CO2-0283,2024-09-11,Casablanca Port,Youssoufia,Rail,309,322.0,2188.96,3143.04,30.4,0.022,True,MAP
CO2-0284,2024-09-17,Safi,Laayoune,Maritime,454,27.1,86.12,119.59,28.0,0.007,True,NPS
CO2-0285,2024-02-26,Khouribga,Laayoune,Route,494,293.3,13909.46,19236.69,27.7,0.096,True,TSP
CO2-0286,2024-12-20,Khouribga,Casablanca Port,Rail,120,292.6,772.46,1131.06,31.7,0.022,True,DAP
CO2-0287,2024-07-01,Jorf Lasfar,Casablanca Port,Maritime,95,347.3,263.95,356.46,26.0,0.008,True,Acide phosphorique
CO2-0288,2024-01-30,Laayoune,Jorf Lasfar,Rail,820,80.9,1658.45,2484.04,33.2,0.025,True,DAP
CO2-0289,2025-02-25,Jorf Lasfar,Laayoune,Maritime,820,337.9,1939.55,2621.5,26.0,0.007,True,Acide phosphorique
CO2-0290,2024-09-19,Jorf Lasfar,Benguerir,Maritime,110,163.1,125.59,187.9,33.2,0.007,True,MAP
CO2-0291,2025-02-27,Casablanca Port,Khouribga,Route,120,236.9,2729.09,3759.7,27.4,0.096,True,DAP
CO2-0292,2024-05-19,Casablanca Port,Laayoune,Route,900,191.3,17905.68,22961.32,22.0,0.104,True,Urée
CO2-0293,2024-05-25,Safi,Jorf Lasfar,Route,75,278.8,2174.64,2629.52,17.3,0.104,True,NPS
CO2-0294,2024-12-24,Benguerir,Jorf Lasfar,Rail,110,50.5,138.88,190.71,27.2,0.025,True,NPS
CO2-0295,2024-12-05,Safi,Casablanca Port,Rail,718,295.8,4672.46,6434.13,27.4,0.022,True,TSP
CO2-0296,2025-01-18,Laayoune,Youssoufia,Route,608,296.9,17329.46,26825.44,35.4,0.096,True,DAP
CO2-0297,2024-01-01,Laayoune,Casablanca Port,Maritime,900,347.2,2499.84,3348.56,25.3,0.008,True,TSP
CO2-0298,2024-07-28,Casablanca Port,Laayoune,Rail,900,44.9,889.02,1341.58,33.7,0.022,True,Sulfate d'ammonium
CO2-0299,2024-12-20,Laayoune,Safi,Route,825,317.4,27232.92,38104.78,28.5,0.104,True,DAP
CO2-0300,2024-05-16,Casablanca Port,Khouribga,Rail,120,451.9,1193.02,1756.64,32.1,0.022,True,Sulfate d'ammonium
CO2-0301,2025-02-10,Laayoune,Benguerir,Route,337,107.6,3481.08,4656.33,25.2,0.096,True,Urée
CO2-0302,2024-08-16,Youssoufia,Benguerir,Route,926,411.3,36562.92,46251.77,20.9,0.096,True,Phosphate brut
CO2-0303,2024-07-28,Casablanca Port,Youssoufia,Maritime,625,374.9,1640.19,2421.47,32.3,0.007,True,Phosphate brut
CO2-0304,2024-09-21,Laayoune,Youssoufia,Maritime,666,468.6,2496.7,3349.86,25.5,0.008,True,Acide phosphorique
CO2-0305,2024-09-19,Khouribga,Laayoune,Maritime,415,109.6,318.39,462.57,31.2,0.007,True,NPS
CO2-0306,2024-05-13,Youssoufia,Safi,Route,60,484.9,3025.78,4058.41,25.4,0.104,True,Phosphate brut
CO2-0307,2024-10-14,Laayoune,Casablanca Port,Rail,900,274.3,5431.14,6711.68,19.1,0.022,True,MAP
CO2-0308,2025-01-15,Jorf Lasfar,Laayoune,Route,820,195.6,16680.77,23046.61,27.6,0.104,True,Urée
CO2-0309,2025-01-13,Laayoune,Jorf Lasfar,Route,820,312.7,24615.74,36198.7,32.0,0.096,True,Acide phosphorique
CO2-0310,2024-04-03,Laayoune,Benguerir,Rail,87,113.2,216.66,326.55,33.7,0.022,True,MAP
CO2-0311,2024-02-06,Laayoune,Khouribga,Route,693,252.4,18190.97,23097.11,21.2,0.104,True,Sulfate d'ammonium
CO2-0312,2024-10-09,Jorf Lasfar,Youssoufia,Route,90,38.1,329.18,419.23,21.5,0.096,True,Acide phosphorique
CO2-0313,2024-09-11,Khouribga,Safi,Route,155,71.6,1065.41,1353.93,21.3,0.096,True,Phosphate brut
CO2-0314,2024-11-21,Casablanca Port,Youssoufia,Route,714,445.3,30522.64,41710.7,26.8,0.096,True,MAP
CO2-0315,2024-07-25,Youssoufia,Jorf Lasfar,Route,90,42.0,393.12,602.83,34.8,0.104,True,TSP
CO2-0316,2024-03-08,Casablanca Port,Laayoune,Rail,900,476.2,10714.5,12989.37,17.5,0.025,True,Sulfate d'ammonium
CO2-0317,2024-04-04,Youssoufia,Jorf Lasfar,Route,90,274.0,2564.64,3702.39,30.7,0.104,True,NPS
CO2-0318,2025-01-06,Jorf Lasfar,Khouribga,Maritime,180,420.8,605.95,728.57,16.8,0.008,True,Sulfate d'ammonium
CO2-0319,2024-09-27,Youssoufia,Benguerir,Maritime,619,287.7,1424.69,1910.18,25.4,0.008,True,TSP
CO2-0320,2024-09-09,Benguerir,Casablanca Port,Route,506,48.0,2525.95,3795.02,33.4,0.104,True,Urée
CO2-0321,2024-05-10,Laayoune,Safi,Maritime,532,154.2,656.28,819.28,19.9,0.008,True,Sulfate d'ammonium
CO2-0322,2024-09-20,Jorf Lasfar,Benguerir,Maritime,110,154.2,118.73,172.93,31.3,0.007,True,Urée
CO2-0323,2024-05-18,Benguerir,Safi,Maritime,95,314.6,209.21,287.81,27.3,0.007,True,Acide phosphorique
CO2-0324,2024-09-15,Jorf Lasfar,Khouribga,Rail,180,352.7,1587.15,1918.69,17.3,0.025,True,DAP
CO2-0325,2024-06-27,Khouribga,Youssoufia,Rail,900,167.3,3312.54,4654.83,28.8,0.022,True,Phosphate brut
CO2-0326,2024-03-30,Khouribga,Benguerir,Rail,80,441.1,776.34,1148.8,32.4,0.022,True,Sulfate d'ammonium
CO2-0327,2024-01-27,Khouribga,Benguerir,Rail,80,183.2,366.4,506.59,27.7,0.025,True,Urée
CO2-0328,2024-08-23,Jorf Lasfar,Laayoune,Rail,820,68.2,1230.33,1598.85,23.0,0.022,True,Urée
CO2-0329,2025-01-23,Safi,Casablanca Port,Maritime,813,255.5,1661.77,2554.28,34.9,0.008,True,Phosphate brut
CO2-0330,2024-08-15,Safi,Jorf Lasfar,Maritime,75,231.7,121.64,173.35,29.8,0.007,True,TSP
CO2-0331,2024-05-10,Casablanca Port,Khouribga,Rail,120,426.1,1124.9,1711.8,34.3,0.022,True,Acide phosphorique
CO2-0332,2024-05-14,Youssoufia,Khouribga,Maritime,303,406.6,985.6,1426.8,30.9,0.008,True,MAP
CO2-0333,2024-06-04,Casablanca Port,Youssoufia,Rail,936,50.2,1033.72,1459.93,29.2,0.022,True,DAP
CO2-0334,2024-01-07,Casablanca Port,Benguerir,Maritime,174,48.3,67.23,101.51,33.8,0.008,True,Phosphate brut
CO2-0335,2025-03-05,Safi,Benguerir,Route,95,117.9,1164.85,1586.66,26.6,0.104,True,DAP
CO2-0336,2024-03-08,Jorf Lasfar,Youssoufia,Route,90,269.0,2517.84,3607.57,30.2,0.104,True,TSP
CO2-0337,2024-07-21,Laayoune,Youssoufia,Route,571,242.8,13309.32,19450.1,31.6,0.096,True,Sulfate d'ammonium
CO2-0338,2024-04-30,Jorf Lasfar,Laayoune,Route,820,85.1,6699.07,10061.72,33.4,0.096,True,DAP
CO2-0339,2024-12-18,Benguerir,Youssoufia,Maritime,172,265.2,364.92,486.75,25.0,0.008,True,Phosphate brut
CO2-0340,2024-05-21,Casablanca Port,Khouribga,Route,120,283.7,3540.58,5138.8,31.1,0.104,True,MAP
CO2-0341,2024-06-16,Casablanca Port,Safi,Rail,144,239.4,758.42,962.75,21.2,0.022,True,Phosphate brut
CO2-0342,2024-01-23,Jorf Lasfar,Laayoune,Maritime,820,479.2,3143.55,4130.74,23.9,0.008,True,TSP
CO2-0343,2024-11-15,Youssoufia,Casablanca Port,Maritime,709,122.8,696.52,1050.73,33.7,0.008,True,MAP
CO2-0344,2024-02-28,Casablanca Port,Safi,Route,753,429.9,31076.61,44256.98,29.8,0.096,True,Phosphate brut
CO2-0345,2024-09-09,Jorf Lasfar,Casablanca Port,Rail,95,450.4,941.34,1344.86,30.0,0.022,True,Phosphate brut
CO2-0346,2024-08-27,Laayoune,Jorf Lasfar,Maritime,820,173.7,1139.47,1473.76,22.7,0.008,True,MAP
CO2-0347,2025-01-18,Safi,Laayoune,Maritime,554,373.8,1449.6,1850.56,21.7,0.007,True,Urée
CO2-0348,2024-07-16,Benguerir,Youssoufia,Rail,664,179.7,2983.02,4182.68,28.7,0.025,True,NPS
CO2-0349,2024-12-13,Jorf Lasfar,Laayoune,Maritime,820,106.6,611.88,863.52,29.1,0.007,True,NPS
CO2-0350,2024-05-05,Khouribga,Benguerir,Maritime,80,231.3,148.03,180.51,18.0,0.008,True,Phosphate brut
CO2-0351,2025-01-21,Casablanca Port,Jorf Lasfar,Route,95,273.0,2697.24,3915.23,31.1,0.104,True,Phosphate brut
CO2-0352,2025-03-09,Safi,Laayoune,Route,221,298.2,6326.61,9686.24,34.7,0.096,True,Phosphate brut
CO2-0353,2024-03-17,Youssoufia,Benguerir,Rail,911,344.1,7836.88,9773.77,19.8,0.025,True,Sulfate d'ammonium
CO2-0354,2024-05-14,Safi,Laayoune,Maritime,135,283.0,267.44,324.45,17.6,0.007,True,DAP
CO2-0355,2024-12-27,Benguerir,Casablanca Port,Route,701,409.2,29832.32,41213.9,27.6,0.104,True,NPS
CO2-0356,2024-10-16,Benguerir,Laayoune,Rail,789,375.2,6512.72,9336.45,30.2,0.022,True,Sulfate d'ammonium
CO2-0357,2024-02-17,Youssoufia,Benguerir,Maritime,627,209.3,918.62,1359.14,32.4,0.007,True,DAP
CO2-0358,2024-10-28,Youssoufia,Khouribga,Route,389,133.4,4981.69,7103.35,29.9,0.096,True,Sulfate d'ammonium
CO2-0359,2024-05-06,Khouribga,Jorf Lasfar,Rail,180,420.9,1894.05,2905.35,34.8,0.025,True,MAP
CO2-0360,2024-09-27,Khouribga,Benguerir,Maritime,80,100.4,56.22,80.53,30.2,0.007,True,MAP
CO2-0361,2025-02-01,Benguerir,Youssoufia,Route,363,333.8,12601.62,15972.53,21.1,0.104,True,Phosphate brut
CO2-0362,2025-01-23,Khouribga,Casablanca Port,Route,120,59.7,745.06,918.31,18.9,0.104,True,MAP
CO2-0363,2024-04-27,Youssoufia,Jorf Lasfar,Rail,90,92.4,207.9,257.89,19.4,0.025,True,TSP
CO2-0364,2024-04-18,Khouribga,Laayoune,Maritime,551,216.9,836.58,1019.56,17.9,0.007,True,MAP
CO2-0365,2024-05-20,Khouribga,Youssoufia,Route,492,70.2,3591.99,4363.0,17.7,0.104,True,DAP
CO2-0366,2025-02-15,Safi,Youssoufia,Maritime,60,337.6,141.79,207.86,31.8,0.007,True,Phosphate brut
CO2-0367,2024-08-16,Youssoufia,Casablanca Port,Maritime,827,122.8,710.89,995.36,28.6,0.007,True,Urée
CO2-0368,2024-05-18,Safi,Benguerir,Rail,95,26.4,55.18,75.01,26.4,0.022,True,Acide phosphorique
CO2-0369,2024-08-07,Laayoune,Jorf Lasfar,Rail,820,386.9,7931.45,10006.7,20.7,0.025,True,MAP
CO2-0370,2025-02-11,Benguerir,Khouribga,Maritime,80,209.5,134.08,167.49,19.9,0.008,True,Sulfate d'ammonium
CO2-0371,2024-04-14,Laayoune,Khouribga,Maritime,760,176.8,1074.94,1346.41,20.2,0.008,True,Acide phosphorique
CO2-0372,2024-05-30,Safi,Youssoufia,Rail,60,415.2,622.8,900.08,30.8,0.025,True,Sulfate d'ammonium
CO2-0373,2024-01-01,Benguerir,Laayoune,Route,939,399.7,39033.1,57842.24,32.5,0.104,True,Phosphate brut
CO2-0374,2025-03-29,Casablanca Port,Laayoune,Maritime,900,185.7,1337.04,1836.82,27.2,0.008,True,DAP
CO2-0375,2024-08-01,Laayoune,Khouribga,Rail,544,77.0,921.54,1167.37,21.1,0.022,True,Sulfate d'ammonium
CO2-0376,2024-04-11,Jorf Lasfar,Benguerir,Maritime,110,205.9,181.19,230.87,21.5,0.008,True,DAP
CO2-0377,2024-04-19,Benguerir,Khouribga,Maritime,80,95.0,53.2,82.28,35.3,0.007,True,DAP
CO2-0378,2024-06-28,Safi,Khouribga,Route,155,97.7,1453.78,2028.22,28.3,0.096,True,Acide phosphorique
CO2-0379,2024-03-07,Khouribga,Benguerir,Maritime,80,49.5,31.68,42.8,26.0,0.008,True,DAP
CO2-0380,2025-02-16,Safi,Youssoufia,Rail,60,432.8,571.3,815.55,29.9,0.022,True,MAP
CO2-0381,2024-01-06,Benguerir,Safi,Route,95,417.3,3805.78,4862.43,21.7,0.096,True,Acide phosphorique
CO2-0382,2024-10-09,Khouribga,Benguerir,Rail,80,28.1,56.2,85.3,34.1,0.025,True,Urée
CO2-0383,2024-08-27,Safi,Casablanca Port,Maritime,542,196.9,747.04,1059.32,29.5,0.007,True,Sulfate d'ammonium
CO2-0384,2024-10-15,Safi,Casablanca Port,Maritime,877,499.1,3063.97,3982.44,23.1,0.007,True,TSP
CO2-0385,2024-07-14,Youssoufia,Safi,Route,60,71.1,443.66,604.09,26.6,0.104,True,DAP
CO2-0386,2025-02-03,Khouribga,Youssoufia,Maritime,140,389.2,435.9,541.79,19.5,0.008,True,Phosphate brut
CO2-0387,2024-12-15,Khouribga,Laayoune,Route,647,130.3,8767.63,11744.45,25.3,0.104,True,MAP
CO2-0388,2024-01-11,Safi,Youssoufia,Route,60,40.5,252.72,348.98,27.6,0.104,True,Sulfate d'ammonium
CO2-0389,2024-03-25,Safi,Khouribga,Rail,155,34.6,117.99,181.82,35.1,0.022,True,DAP
CO2-0390,2024-12-17,Safi,Khouribga,Rail,155,40.4,137.76,170.21,19.1,0.022,True,DAP
CO2-0391,2024-02-07,Safi,Laayoune,Rail,420,58.3,538.69,799.71,32.6,0.022,True,Acide phosphorique
CO2-0392,2024-11-07,Benguerir,Casablanca Port,Route,583,164.1,9184.35,11583.7,20.7,0.096,True,Phosphate brut
CO2-0393,2025-02-16,Khouribga,Youssoufia,Maritime,525,107.2,450.24,675.72,33.4,0.008,True,Sulfate d'ammonium
CO2-0394,2025-01-20,Safi,Jorf Lasfar,Maritime,75,306.2,160.75,194.57,17.4,0.007,True,MAP
CO2-0395,2024-06-04,Jorf Lasfar,Khouribga,Route,180,499.9,8638.27,12201.01,29.2,0.096,True,TSP
CO2-0396,2024-11-01,Laayoune,Safi,Route,938,230.0,20711.04,28019.62,26.1,0.096,True,TSP
CO2-0397,2024-04-17,Khouribga,Safi,Maritime,155,271.8,337.03,486.95,30.8,0.008,True,NPS
CO2-0398,2024-11-26,Khouribga,Youssoufia,Rail,352,213.4,1877.92,2319.34,19.0,0.025,True,Sulfate d'ammonium
CO2-0399,2024-03-31,Casablanca Port,Jorf Lasfar,Rail,95,52.5,124.69,151.84,17.9,0.025,True,NPS
CO2-0400,2024-07-23,Casablanca Port,Safi,Rail,338,37.9,320.26,449.95,28.8,0.025,True,MAP
CO2-0401,2024-07-28,Laayoune,Casablanca Port,Maritime,900,356.0,2563.2,3590.94,28.6,0.008,True,Sulfate d'ammonium
CO2-0402,2024-05-13,Youssoufia,Laayoune,Maritime,147,172.0,176.99,215.01,17.7,0.007,True,DAP
CO2-0403,2025-01-20,Laayoune,Jorf Lasfar,Route,820,418.5,32944.32,50248.04,34.4,0.096,True,Urée
CO2-0404,2024-02-20,Laayoune,Jorf Lasfar,Maritime,820,326.7,2143.15,2720.8,21.2,0.008,True,NPS
CO2-0405,2024-08-15,Casablanca Port,Khouribga,Route,120,309.4,3861.31,4771.5,19.1,0.104,True,Urée
CO2-0406,2024-02-08,Khouribga,Benguerir,Rail,80,157.6,277.38,379.94,27.0,0.022,True,Acide phosphorique
CO2-0407,2024-05-22,Youssoufia,Benguerir,Rail,860,174.7,3305.32,4210.41,21.5,0.022,True,Acide phosphorique
CO2-0408,2024-01-12,Jorf Lasfar,Casablanca Port,Rail,95,234.1,555.99,680.23,18.3,0.025,True,Acide phosphorique
CO2-0409,2024-12-28,Youssoufia,Jorf Lasfar,Maritime,90,32.6,20.54,25.01,17.9,0.007,True,NPS
CO2-0410,2024-02-12,Laayoune,Jorf Lasfar,Rail,820,62.7,1131.11,1690.29,33.1,0.022,True,DAP
CO2-0411,2025-02-27,Casablanca Port,Laayoune,Maritime,900,65.6,413.28,632.44,34.7,0.007,True,MAP
CO2-0412,2025-03-19,Youssoufia,Safi,Maritime,60,380.4,159.77,220.41,27.5,0.007,True,NPS
CO2-0413,2025-02-21,Youssoufia,Khouribga,Rail,535,482.0,6446.75,8872.52,27.3,0.025,True,Acide phosphorique
CO2-0414,2024-02-24,Casablanca Port,Jorf Lasfar,Rail,95,413.8,982.77,1513.15,35.1,0.025,True,Urée
CO2-0415,2024-04-03,Benguerir,Safi,Maritime,95,97.1,73.8,100.22,26.4,0.008,True,Sulfate d'ammonium
CO2-0416,2024-12-08,Jorf Lasfar,Casablanca Port,Maritime,95,294.1,195.58,301.27,35.1,0.007,True,Sulfate d'ammonium
CO2-0417,2024-01-20,Safi,Khouribga,Maritime,155,49.6,61.5,79.39,22.5,0.008,True,DAP
CO2-0418,2024-05-19,Safi,Jorf Lasfar,Route,75,340.0,2448.0,3659.13,33.1,0.096,True,Urée
CO2-0419,2024-03-06,Jorf Lasfar,Khouribga,Route,180,213.6,3691.01,5636.0,34.5,0.096,True,NPS
CO2-0420,2024-11-24,Casablanca Port,Jorf Lasfar,Route,95,99.4,906.53,1265.42,28.4,0.096,True,TSP
CO2-0421,2025-01-05,Safi,Laayoune,Route,672,472.8,33043.05,47337.61,30.2,0.104,True,DAP
CO2-0422,2024-04-01,Benguerir,Khouribga,Maritime,80,130.1,83.26,107.45,22.5,0.008,True,MAP
CO2-0423,2024-02-04,Laayoune,Jorf Lasfar,Route,820,190.2,16220.26,22270.81,27.2,0.104,True,Phosphate brut
CO2-0424,2025-03-05,Youssoufia,Jorf Lasfar,Route,90,449.0,3879.36,5413.13,28.3,0.096,True,Sulfate d'ammonium
CO2-0425,2024-12-23,Casablanca Port,Safi,Route,189,393.9,7146.92,10029.71,28.7,0.096,True,Urée
CO2-0426,2024-11-23,Youssoufia,Safi,Maritime,60,444.7,186.77,270.01,30.8,0.007,True,Acide phosphorique
CO2-0427,2024-07-24,Laayoune,Jorf Lasfar,Route,820,282.5,24091.6,36798.59,34.5,0.104,True,Urée
CO2-0428,2024-02-20,Khouribga,Safi,Route,155,169.9,2738.79,3712.1,26.2,0.104,True,TSP
CO2-0429,2024-10-03,Jorf Lasfar,Benguerir,Rail,110,88.3,242.82,340.68,28.7,0.025,True,Phosphate brut
CO2-0430,2024-04-07,Laayoune,Casablanca Port,Route,900,280.5,26254.8,31508.91,16.7,0.104,True,Phosphate brut
CO2-0431,2024-06-26,Benguerir,Casablanca Port,Route,625,354.4,23036.0,32594.28,29.3,0.104,True,Urée
CO2-0432,2025-02-13,Youssoufia,Safi,Route,60,92.6,577.82,783.41,26.2,0.104,True,MAP
CO2-0433,2024-08-20,Safi,Khouribga,Maritime,155,50.4,62.5,76.62,18.4,0.008,True,MAP
CO2-0434,2024-05-06,Jorf Lasfar,Laayoune,Rail,820,337.4,6086.7,9431.36,35.5,0.022,True,Phosphate brut
CO2-0435,2024-11-12,Casablanca Port,Safi,Rail,318,122.4,973.08,1472.32,33.9,0.025,True,Sulfate d'ammonium
CO2-0436,2025-01-31,Youssoufia,Benguerir,Rail,340,174.2,1480.7,1825.76,18.9,0.025,True,Sulfate d'ammonium
CO2-0437,2024-08-04,Laayoune,Casablanca Port,Rail,900,193.0,4342.5,6351.63,31.6,0.025,True,NPS
CO2-0438,2024-09-03,Youssoufia,Safi,Rail,60,66.7,100.05,142.83,30.0,0.025,True,Phosphate brut
CO2-0439,2024-11-19,Casablanca Port,Benguerir,Route,108,398.1,4127.5,5533.83,25.4,0.096,True,MAP
CO2-0440,2025-02-04,Safi,Laayoune,Route,845,51.4,4517.03,5620.87,19.6,0.104,True,Acide phosphorique
CO2-0441,2024-02-02,Jorf Lasfar,Casablanca Port,Maritime,95,282.4,214.62,298.61,28.1,0.008,True,DAP
CO2-0442,2024-03-16,Laayoune,Safi,Route,933,284.6,27615.31,35762.5,22.8,0.104,True,NPS
CO2-0443,2024-06-24,Benguerir,Jorf Lasfar,Maritime,110,497.7,437.98,654.3,33.1,0.008,True,TSP
CO2-0444,2025-02-22,Safi,Laayoune,Route,351,282.0,10294.13,14577.44,29.4,0.104,True,Phosphate brut
CO2-0445,2024-12-08,Casablanca Port,Jorf Lasfar,Route,95,316.9,3130.97,4098.64,23.6,0.104,True,Urée
CO2-0446,2024-07-21,Jorf Lasfar,Benguerir,Maritime,110,177.1,136.37,210.37,35.2,0.007,True,DAP
CO2-0447,2024-05-20,Khouribga,Youssoufia,Maritime,218,366.7,639.52,780.54,18.1,0.008,True,NPS
CO2-0448,2024-02-04,Benguerir,Youssoufia,Maritime,470,446.8,1469.97,1944.68,24.4,0.007,True,MAP
CO2-0449,2024-06-25,Safi,Khouribga,Route,155,369.5,5956.34,8883.19,32.9,0.104,True,Urée
CO2-0450,2024-04-07,Youssoufia,Jorf Lasfar,Route,90,217.2,1876.61,2317.62,19.0,0.096,True,Acide phosphorique
CO2-0451,2024-01-06,Benguerir,Safi,Maritime,95,201.9,153.44,186.77,17.8,0.008,True,Acide phosphorique
CO2-0452,2024-07-13,Laayoune,Youssoufia,Route,623,486.2,29078.65,36715.42,20.8,0.096,True,Acide phosphorique
CO2-0453,2025-03-08,Safi,Jorf Lasfar,Maritime,75,397.0,208.43,294.86,29.3,0.007,True,Urée
CO2-0454,2024-07-22,Safi,Jorf Lasfar,Rail,75,398.8,747.75,939.65,20.4,0.025,True,Acide phosphorique
CO2-0455,2024-09-21,Benguerir,Jorf Lasfar,Route,110,383.0,4044.48,5614.27,28.0,0.096,True,DAP
CO2-0456,2024-06-20,Jorf Lasfar,Safi,Route,75,173.1,1246.32,1579.46,21.1,0.096,True,DAP
CO2-0457,2024-11-10,Safi,Youssoufia,Rail,60,197.4,260.57,392.56,33.6,0.022,True,TSP
CO2-0458,2024-08-12,Laayoune,Casablanca Port,Rail,900,221.0,4375.8,5333.96,18.0,0.022,True,Urée
CO2-0459,2024-02-11,Casablanca Port,Benguerir,Maritime,702,186.6,1047.95,1260.9,16.9,0.008,True,Urée
CO2-0460,2024-05-20,Youssoufia,Benguerir,Rail,259,93.0,602.18,925.64,34.9,0.025,True,NPS
CO2-0461,2024-11-07,Safi,Jorf Lasfar,Maritime,75,247.5,129.94,162.04,19.8,0.007,True,Sulfate d'ammonium
CO2-0462,2024-05-17,Jorf Lasfar,Khouribga,Route,180,69.8,1306.66,1696.47,23.0,0.104,True,MAP
CO2-0463,2025-02-18,Khouribga,Safi,Maritime,155,479.1,594.08,878.59,32.4,0.008,True,Urée
CO2-0464,2025-02-04,Khouribga,Youssoufia,Maritime,95,72.0,54.72,84.47,35.2,0.008,True,NPS
CO2-0465,2024-03-02,Casablanca Port,Safi,Maritime,210,114.0,191.52,241.41,20.7,0.008,True,Sulfate d'ammonium
CO2-0466,2024-11-13,Safi,Khouribga,Route,155,84.8,1261.82,1864.19,32.3,0.096,True,TSP
CO2-0467,2024-05-07,Casablanca Port,Safi,Rail,230,370.6,2130.95,2597.02,17.9,0.025,True,Acide phosphorique
CO2-0468,2024-09-25,Youssoufia,Laayoune,Route,430,129.4,5786.77,8354.66,30.7,0.104,True,Urée
CO2-0469,2024-05-11,Laayoune,Jorf Lasfar,Rail,820,286.0,5863.0,7791.77,24.8,0.025,True,Acide phosphorique
CO2-0470,2025-03-09,Jorf Lasfar,Youssoufia,Route,90,79.2,684.29,987.53,30.7,0.096,True,Phosphate brut
CO2-0471,2024-07-27,Jorf Lasfar,Benguerir,Route,110,402.5,4250.4,5170.62,17.8,0.096,True,Urée
CO2-0472,2024-12-28,Benguerir,Safi,Maritime,95,156.9,104.34,137.57,24.2,0.007,True,TSP
CO2-0473,2024-05-30,Laayoune,Youssoufia,Rail,194,87.2,422.92,530.32,20.3,0.025,True,NPS
CO2-0474,2025-01-16,Benguerir,Casablanca Port,Maritime,863,373.5,2578.64,3710.04,30.5,0.008,True,MAP
CO2-0475,2024-08-15,Safi,Jorf Lasfar,Route,75,119.0,928.2,1323.4,29.9,0.104,True,TSP
CO2-0476,2025-03-07,Safi,Youssoufia,Rail,60,436.5,654.75,909.19,28.0,0.025,True,TSP
CO2-0477,2025-02-25,Laayoune,Khouribga,Route,442,362.8,16677.19,20367.39,18.1,0.104,True,MAP
CO2-0478,2024-09-12,Jorf Lasfar,Safi,Rail,75,40.0,66.0,95.71,31.0,0.022,True,Phosphate brut
CO2-0479,2024-09-09,Khouribga,Jorf Lasfar,Maritime,180,489.9,705.46,1024.13,31.1,0.008,True,TSP
CO2-0480,2024-08-25,Benguerir,Casablanca Port,Rail,418,426.9,3925.77,4727.16,17.0,0.022,True,MAP
CO2-0481,2025-01-27,Jorf Lasfar,Khouribga,Maritime,180,231.5,291.69,379.29,23.1,0.007,True,MAP
CO2-0482,2024-07-16,Laayoune,Safi,Route,256,153.8,3779.79,5748.59,34.2,0.096,True,Sulfate d'ammonium
CO2-0483,2024-06-12,Benguerir,Safi,Route,95,416.4,4114.03,6116.77,32.7,0.104,True,Sulfate d'ammonium
CO2-0484,2024-12-15,Casablanca Port,Khouribga,Route,120,317.4,3961.15,5730.21,30.9,0.104,True,MAP
CO2-0485,2024-09-05,Khouribga,Laayoune,Maritime,746,382.7,1998.46,2566.67,22.1,0.007,True,MAP
CO2-0486,2024-07-17,Youssoufia,Casablanca Port,Route,594,266.0,16432.42,24746.35,33.6,0.104,True,Urée
CO2-0487,2025-02-13,Laayoune,Jorf Lasfar,Maritime,820,224.3,1471.41,2030.65,27.5,0.008,True,TSP
CO2-0488,2024-09-01,Laayoune,Casablanca Port,Maritime,900,166.9,1201.68,1644.42,26.9,0.008,True,TSP
CO2-0489,2024-04-16,Laayoune,Safi,Rail,360,423.1,3807.9,4907.73,22.4,0.025,True,Phosphate brut
CO2-0490,2024-10-23,Khouribga,Youssoufia,Maritime,692,279.4,1353.41,1960.64,31.0,0.007,True,TSP
CO2-0491,2024-06-24,Benguerir,Youssoufia,Rail,931,287.2,5882.43,8278.56,28.9,0.022,True,TSP
CO2-0492,2024-04-27,Jorf Lasfar,Youssoufia,Rail,90,400.3,792.59,1221.8,35.1,0.022,True,NPS
CO2-0493,2024-05-13,Khouribga,Jorf Lasfar,Rail,180,120.8,478.37,660.62,27.6,0.022,True,DAP
CO2-0494,2024-04-04,Casablanca Port,Jorf Lasfar,Maritime,95,100.5,76.38,92.85,17.7,0.008,True,MAP
CO2-0495,2024-01-13,Khouribga,Benguerir,Rail,80,446.7,786.19,960.77,18.2,0.022,True,Urée
CO2-0496,2024-01-24,Safi,Jorf Lasfar,Route,75,41.7,325.26,448.13,27.4,0.104,True,NPS
CO2-0497,2024-08-17,Casablanca Port,Safi,Rail,91,282.9,643.6,814.97,21.0,0.025,True,Urée
CO2-0498,2024-07-01,Laayoune,Khouribga,Route,143,460.3,6319.0,9568.29,34.0,0.096,True,Acide phosphorique
CO2-0499,2025-01-31,Benguerir,Laayoune,Rail,736,472.8,7655.58,11210.0,31.7,0.022,True,NPS
CO2-0500,2024-09-01,Benguerir,Jorf Lasfar,Maritime,110,86.4,76.03,99.47,23.6,0.008,True,Sulfate d'ammonium
CO2-0501,2024-01-14,Laayoune,Casablanca Port,Rail,900,21.8,490.5,667.06,26.5,0.025,True,Urée
CO2-0502,2024-09-12,Youssoufia,Khouribga,Route,916,411.5,36185.66,55486.15,34.8,0.096,True,Urée
CO2-0503,2024-02-05,Safi,Khouribga,Route,155,453.4,6746.59,9125.23,26.1,0.096,True,Urée
CO2-0504,2024-11-01,Safi,Benguerir,Rail,95,26.3,62.46,94.98,34.2,0.025,True,Acide phosphorique
CO2-0505,2024-06-23,Laayoune,Khouribga,Maritime,172,358.0,431.03,666.1,35.3,0.007,True,DAP
CO2-0506,2024-07-27,Laayoune,Safi,Maritime,411,68.3,224.57,330.2,32.0,0.008,True,NPS
CO2-0507,2025-03-12,Khouribga,Casablanca Port,Maritime,120,196.3,188.45,276.28,31.8,0.008,True,Urée
CO2-0508,2024-10-20,Safi,Casablanca Port,Rail,381,285.9,2396.41,3323.83,27.9,0.022,True,Urée
CO2-0509,2025-02-14,Youssoufia,Jorf Lasfar,Maritime,90,396.8,285.7,366.25,22.0,0.008,True,Urée
CO2-0510,2025-01-01,Jorf Lasfar,Casablanca Port,Maritime,95,291.6,221.62,306.99,27.8,0.008,True,NPS
CO2-0511,2024-11-29,Laayoune,Jorf Lasfar,Rail,820,34.7,711.35,898.59,20.8,0.025,True,NPS
CO2-0512,2024-01-19,Laayoune,Khouribga,Maritime,545,450.5,1964.18,2833.57,30.7,0.008,True,Phosphate brut
CO2-0513,2024-10-05,Youssoufia,Khouribga,Rail,215,227.2,1221.2,1659.72,26.4,0.025,True,TSP
CO2-0514,2024-01-05,Safi,Khouribga,Route,155,285.6,4249.73,6231.67,31.8,0.096,True,Sulfate d'ammonium
CO2-0515,2024-09-01,Youssoufia,Khouribga,Route,449,181.1,8456.65,13023.5,35.1,0.104,True,MAP
CO2-0516,2024-04-17,Safi,Jorf Lasfar,Route,75,358.9,2799.42,3837.72,27.1,0.104,True,Urée
CO2-0517,2025-03-04,Jorf Lasfar,Youssoufia,Rail,90,280.1,630.23,788.18,20.0,0.025,True,MAP
CO2-0518,2024-12-04,Jorf Lasfar,Laayoune,Maritime,820,471.2,3091.07,3997.36,22.7,0.008,True,TSP
CO2-0519,2024-02-27,Youssoufia,Casablanca Port,Route,422,265.9,11669.82,15838.84,26.3,0.104,True,Acide phosphorique
CO2-0520,2024-03-22,Casablanca Port,Laayoune,Route,900,459.8,39726.72,59119.62,32.8,0.096,True,Sulfate d'ammonium
CO2-0521,2024-02-05,Casablanca Port,Benguerir,Route,577,420.1,23270.18,30522.01,23.8,0.096,True,TSP
CO2-0522,2024-10-12,Khouribga,Casablanca Port,Rail,120,425.4,1123.06,1543.01,27.2,0.022,True,DAP
CO2-0523,2024-11-06,Casablanca Port,Jorf Lasfar,Rail,95,43.9,104.26,133.12,21.7,0.025,True,Sulfate d'ammonium
CO2-0524,2024-04-15,Safi,Benguerir,Rail,95,102.4,243.2,315.54,22.9,0.025,True,NPS
CO2-0525,2024-08-05,Youssoufia,Casablanca Port,Rail,653,313.3,4500.87,5409.01,16.8,0.022,True,MAP
CO2-0526,2024-05-04,Safi,Casablanca Port,Maritime,916,268.0,1718.42,2476.41,30.6,0.007,True,NPS
CO2-0527,2025-02-25,Youssoufia,Khouribga,Rail,509,54.8,613.65,934.88,34.4,0.022,True,Sulfate d'ammonium
CO2-0528,2025-03-12,Khouribga,Jorf Lasfar,Rail,180,397.4,1788.3,2547.47,29.8,0.025,True,DAP
CO2-0529,2024-05-18,Khouribga,Youssoufia,Maritime,460,487.9,1795.47,2684.85,33.1,0.008,True,MAP
CO2-0530,2024-03-03,Laayoune,Casablanca Port,Rail,900,109.2,2457.0,3591.24,31.6,0.025,True,DAP
CO2-0531,2024-12-08,Casablanca Port,Benguerir,Rail,916,433.9,8743.95,10655.68,17.9,0.022,True,TSP
CO2-0532,2024-11-30,Youssoufia,Khouribga,Rail,553,54.0,746.55,1050.98,29.0,0.025,True,DAP
CO2-0533,2024-03-08,Khouribga,Jorf Lasfar,Route,180,418.4,7229.95,10895.82,33.6,0.096,True,Acide phosphorique
CO2-0534,2024-04-19,Jorf Lasfar,Laayoune,Route,820,160.7,12650.3,18711.15,32.4,0.096,True,NPS
CO2-0535,2024-11-16,Safi,Casablanca Port,Maritime,666,122.4,652.15,861.24,24.3,0.008,True,Acide phosphorique
CO2-0536,2024-03-09,Benguerir,Jorf Lasfar,Rail,110,421.4,1158.85,1779.72,34.9,0.025,True,TSP
CO2-0537,2024-06-14,Safi,Youssoufia,Route,60,278.4,1603.58,2430.38,34.0,0.096,True,MAP
CO2-0538,2025-03-12,Khouribga,Safi,Route,155,93.8,1395.74,1999.25,30.2,0.096,True,Urée
CO2-0539,2024-08-18,Youssoufia,Laayoune,Rail,150,244.8,807.84,1029.73,21.5,0.022,True,Sulfate d'ammonium
CO2-0540,2024-07-06,Safi,Benguerir,Maritime,95,443.0,336.68,443.77,24.1,0.008,True,TSP
CO2-0541,2025-02-27,Safi,Casablanca Port,Rail,495,433.8,5368.28,7260.05,26.1,0.025,True,Urée
CO2-0542,2024-07-14,Safi,Youssoufia,Maritime,60,125.1,60.05,90.79,33.9,0.008,True,Phosphate brut
CO2-0543,2024-10-24,Jorf Lasfar,Benguerir,Rail,110,404.1,977.92,1488.78,34.3,0.022,True,Acide phosphorique
CO2-0544,2024-02-11,Safi,Youssoufia,Maritime,60,178.8,85.82,116.37,26.2,0.008,True,NPS
CO2-0545,2024-09-17,Benguerir,Laayoune,Rail,482,192.9,2324.45,3076.07,24.4,0.025,True,Sulfate d'ammonium
CO2-0546,2024-01-08,Safi,Youssoufia,Rail,60,107.7,142.16,200.15,29.0,0.022,True,Sulfate d'ammonium
CO2-0547,2024-08-28,Laayoune,Benguerir,Rail,123,256.8,789.66,1149.52,31.3,0.025,True,MAP
CO2-0548,2025-01-29,Youssoufia,Khouribga,Rail,182,242.1,1101.55,1684.81,34.6,0.025,True,MAP
CO2-0549,2024-08-17,Jorf Lasfar,Laayoune,Rail,820,177.7,3642.85,5269.22,30.9,0.025,True,NPS
CO2-0550,2024-05-10,Casablanca Port,Safi,Rail,783,357.3,6994.15,9944.6,29.7,0.025,True,Urée
CO2-0551,2024-07-27,Casablanca Port,Jorf Lasfar,Route,95,171.3,1562.26,2256.72,30.8,0.096,True,MAP
CO2-0552,2024-05-21,Casablanca Port,Youssoufia,Rail,164,340.1,1394.41,1886.93,26.1,0.025,True,Sulfate d'ammonium
CO2-0553,2024-11-20,Laayoune,Jorf Lasfar,Route,820,25.1,1975.87,2896.31,31.8,0.096,True,DAP
CO2-0554,2024-05-22,Khouribga,Safi,Rail,155,123.0,476.62,723.16,34.1,0.025,True,Sulfate d'ammonium
CO2-0555,2024-12-07,Laayoune,Casablanca Port,Maritime,900,302.3,1904.49,2707.81,29.7,0.007,True,Sulfate d'ammonium
CO2-0556,2025-01-17,Khouribga,Jorf Lasfar,Route,180,478.8,8273.66,10217.66,19.0,0.096,True,NPS
CO2-0557,2024-02-08,Casablanca Port,Youssoufia,Rail,554,305.6,3724.65,5682.93,34.5,0.022,True,Sulfate d'ammonium
CO2-0558,2024-02-21,Casablanca Port,Khouribga,Rail,120,380.5,1004.52,1222.35,17.8,0.022,True,Urée
CO2-0559,2024-01-10,Benguerir,Laayoune,Maritime,301,485.5,1169.08,1486.07,21.3,0.008,True,MAP
CO2-0560,2024-06-15,Khouribga,Safi,Route,155,470.1,6995.09,9442.97,25.9,0.096,True,Acide phosphorique
CO2-0561,2024-03-13,Khouribga,Youssoufia,Maritime,387,320.9,993.51,1524.44,34.8,0.008,True,Sulfate d'ammonium
CO2-0562,2024-07-08,Jorf Lasfar,Casablanca Port,Rail,95,192.4,402.12,610.52,34.1,0.022,True,Sulfate d'ammonium
CO2-0563,2024-02-16,Youssoufia,Khouribga,Route,477,53.9,2468.19,3313.9,25.5,0.096,True,NPS
CO2-0564,2025-03-19,Jorf Lasfar,Casablanca Port,Rail,95,29.2,69.35,93.62,25.9,0.025,True,DAP
CO2-0565,2024-07-23,Khouribga,Casablanca Port,Route,120,230.8,2880.38,3500.9,17.7,0.104,True,Phosphate brut
CO2-0566,2024-06-18,Safi,Casablanca Port,Route,791,346.5,26311.82,37672.59,30.2,0.096,True,Acide phosphorique
CO2-0567,2024-01-16,Benguerir,Casablanca Port,Maritime,463,433.7,1405.62,1688.11,16.7,0.007,True,NPS
CO2-0568,2024-06-18,Safi,Jorf Lasfar,Rail,75,177.5,292.88,367.93,20.4,0.022,True,Sulfate d'ammonium
CO2-0569,2024-10-21,Laayoune,Khouribga,Rail,585,122.0,1784.25,2336.63,23.6,0.025,True,TSP
CO2-0570,2024-07-16,Safi,Youssoufia,Route,60,240.5,1385.28,1751.44,20.9,0.096,True,DAP
CO2-0571,2024-04-26,Casablanca Port,Youssoufia,Maritime,666,357.2,1665.27,2125.87,21.7,0.007,True,Phosphate brut
CO2-0572,2024-01-25,Benguerir,Safi,Rail,95,27.3,64.84,90.77,28.6,0.025,True,Urée
CO2-0573,2025-02-24,Laayoune,Casablanca Port,Rail,900,137.3,3089.25,4308.04,28.3,0.025,True,Urée
CO2-0574,2024-03-31,Jorf Lasfar,Benguerir,Rail,110,92.7,224.33,276.14,18.8,0.022,True,Urée
CO2-0575,2024-08-06,Safi,Youssoufia,Rail,60,465.2,614.06,929.52,33.9,0.022,True,Sulfate d'ammonium
CO2-0576,2025-02-25,Safi,Benguerir,Maritime,95,399.2,303.39,411.97,26.4,0.008,True,TSP
CO2-0577,2024-11-24,Khouribga,Benguerir,Maritime,80,304.9,195.14,255.46,23.6,0.008,True,Urée
CO2-0578,2024-05-19,Khouribga,Benguerir,Rail,80,342.1,602.1,890.55,32.4,0.022,True,TSP
CO2-0579,2024-07-17,Safi,Benguerir,Route,95,109.5,998.64,1359.83,26.6,0.096,True,NPS
CO2-0580,2024-12-11,Khouribga,Laayoune,Maritime,209,20.5,34.28,42.51,19.4,0.008,True,Sulfate d'ammonium
CO2-0581,2024-01-05,Laayoune,Youssoufia,Rail,810,380.9,6787.64,8575.0,20.8,0.022,True,Urée
CO2-0582,2024-05-12,Casablanca Port,Youssoufia,Rail,742,401.7,7451.53,9117.94,18.3,0.025,True,MAP
CO2-0583,2024-10-11,Jorf Lasfar,Casablanca Port,Route,95,22.1,218.35,305.24,28.5,0.104,True,Urée
CO2-0584,2024-10-15,Khouribga,Youssoufia,Maritime,527,121.5,512.24,674.27,24.0,0.008,True,MAP
CO2-0585,2024-12-31,Casablanca Port,Jorf Lasfar,Route,95,379.8,3463.78,4359.58,20.5,0.096,True,MAP
CO2-0586,2024-09-20,Safi,Casablanca Port,Maritime,125,360.2,360.2,547.87,34.3,0.008,True,NPS
CO2-0587,2024-10-18,Jorf Lasfar,Laayoune,Maritime,820,52.2,342.43,483.86,29.2,0.008,True,TSP
CO2-0588,2024-08-02,Jorf Lasfar,Casablanca Port,Route,95,405.8,4009.3,5276.62,24.0,0.104,True,Acide phosphorique
CO2-0589,2024-04-17,Laayoune,Khouribga,Maritime,178,497.8,620.26,780.81,20.6,0.007,True,NPS
CO2-0590,2024-08-16,Youssoufia,Khouribga,Rail,261,284.6,1857.02,2577.23,27.9,0.025,True,Phosphate brut
CO2-0591,2024-08-03,Youssoufia,Laayoune,Rail,140,140.9,433.97,563.1,22.9,0.022,True,Acide phosphorique
CO2-0592,2025-02-11,Casablanca Port,Youssoufia,Maritime,214,463.8,694.77,1015.56,31.6,0.007,True,MAP
CO2-0593,2024-01-08,Safi,Benguerir,Maritime,95,361.1,274.44,393.98,30.3,0.008,True,DAP
CO2-0594,2024-08-03,Youssoufia,Khouribga,Maritime,292,489.8,1001.15,1529.74,34.6,0.007,True,TSP
CO2-0595,2024-10-05,Youssoufia,Benguerir,Rail,814,230.7,4131.38,6187.45,33.2,0.022,True,TSP
CO2-0596,2024-02-02,Casablanca Port,Khouribga,Rail,120,364.6,962.54,1457.75,34.0,0.022,True,TSP
CO2-0597,2024-11-12,Jorf Lasfar,Khouribga,Route,180,445.4,8337.89,10745.15,22.4,0.104,True,Phosphate brut
CO2-0598,2024-06-28,Khouribga,Laayoune,Rail,432,363.3,3923.64,5992.25,34.5,0.025,True,NPS
CO2-0599,2024-03-15,Safi,Jorf Lasfar,Route,75,453.5,3265.2,4616.62,29.3,0.096,True,Phosphate brut
CO2-0600,2024-03-10,Youssoufia,Khouribga,Maritime,103,332.8,239.95,322.85,25.7,0.007,True,MAP
CO2-0601,2024-05-03,Safi,Benguerir,Route,95,39.6,391.25,549.2,28.8,0.104,True,Phosphate brut
CO2-0602,2025-02-24,Khouribga,Youssoufia,Route,333,424.2,13560.83,20170.55,32.8,0.096,True,MAP
CO2-0603,2024-03-04,Jorf Lasfar,Safi,Route,75,92.4,720.72,1067.03,32.5,0.104,True,Phosphate brut
CO2-0604,2024-10-11,Khouribga,Jorf Lasfar,Route,180,260.5,4876.56,6544.6,25.5,0.104,True,Sulfate d'ammonium
CO2-0605,2024-02-01,Laayoune,Safi,Route,551,477.9,27385.58,36535.31,25.0,0.104,True,Urée
CO2-0606,2024-10-08,Youssoufia,Khouribga,Maritime,604,406.0,1961.79,2602.48,24.6,0.008,True,Acide phosphorique
CO2-0607,2024-12-08,Jorf Lasfar,Benguerir,Route,110,334.9,3536.54,5438.7,35.0,0.096,True,Urée
CO2-0608,2024-06-23,Youssoufia,Laayoune,Route,699,389.7,26150.43,36575.13,28.5,0.096,True,Sulfate d'ammonium
CO2-0609,2024-12-18,Khouribga,Safi,Maritime,155,200.9,217.98,276.05,21.0,0.007,True,TSP
CO2-0610,2024-08-17,Safi,Youssoufia,Route,60,76.4,476.74,733.72,35.0,0.104,True,Acide phosphorique
CO2-0611,2024-09-23,Youssoufia,Jorf Lasfar,Maritime,90,461.4,290.68,444.54,34.6,0.007,True,Sulfate d'ammonium
CO2-0612,2025-02-02,Benguerir,Laayoune,Rail,183,346.0,1393.0,1981.8,29.7,0.022,True,DAP
CO2-0613,2024-03-17,Jorf Lasfar,Laayoune,Route,820,476.2,40610.34,59249.14,31.5,0.104,True,Urée
CO2-0614,2024-03-06,Youssoufia,Laayoune,Rail,821,169.3,3057.9,4373.73,30.1,0.022,True,Urée
CO2-0615,2024-07-04,Benguerir,Youssoufia,Rail,653,182.6,2623.23,3962.59,33.8,0.022,True,Acide phosphorique
CO2-0616,2025-02-16,Safi,Youssoufia,Route,60,47.6,274.18,351.65,22.0,0.096,True,Phosphate brut
CO2-0617,2024-03-01,Benguerir,Youssoufia,Rail,908,351.0,7967.7,9780.67,18.5,0.025,True,Sulfate d'ammonium
CO2-0618,2024-10-17,Laayoune,Casablanca Port,Maritime,900,214.7,1545.84,2385.31,35.2,0.008,True,Acide phosphorique
CO2-0619,2025-03-13,Benguerir,Jorf Lasfar,Maritime,110,459.7,353.97,508.41,30.4,0.007,True,NPS
CO2-0620,2024-07-27,Benguerir,Jorf Lasfar,Route,110,361.8,4138.99,6012.34,31.2,0.104,True,Sulfate d'ammonium
CO2-0621,2025-01-01,Youssoufia,Safi,Rail,60,197.9,261.23,404.1,35.4,0.022,True,Acide phosphorique
CO2-0622,2024-10-23,Safi,Jorf Lasfar,Maritime,75,392.9,206.27,316.99,34.9,0.007,True,MAP
CO2-0623,2024-09-23,Safi,Youssoufia,Route,60,58.0,334.08,434.28,23.1,0.096,True,DAP
CO2-0624,2024-08-25,Jorf Lasfar,Laayoune,Rail,820,179.4,3677.7,5067.19,27.4,0.025,True,Sulfate d'ammonium
CO2-0625,2024-10-15,Youssoufia,Jorf Lasfar,Maritime,90,175.1,126.07,176.69,28.6,0.008,True,Urée
CO2-0626,2024-07-05,Benguerir,Jorf Lasfar,Rail,110,429.7,1039.87,1252.77,17.0,0.022,True,Acide phosphorique
CO2-0627,2024-04-02,Youssoufia,Benguerir,Route,875,364.4,30609.6,39578.01,22.7,0.096,True,Urée
CO2-0628,2025-02-26,Khouribga,Safi,Rail,155,477.8,1851.48,2599.91,28.8,0.025,True,Phosphate brut
CO2-0629,2024-09-03,Laayoune,Youssoufia,Route,916,75.8,7221.01,10904.78,33.8,0.104,True,Phosphate brut
CO2-0630,2024-12-21,Casablanca Port,Khouribga,Route,120,218.1,2721.89,3481.57,21.8,0.104,True,DAP
CO2-0631,2025-01-20,Khouribga,Casablanca Port,Maritime,120,370.8,311.47,476.25,34.6,0.007,True,Sulfate d'ammonium
CO2-0632,2025-03-02,Youssoufia,Benguerir,Rail,161,196.8,792.12,1074.37,26.3,0.025,True,Acide phosphorique
CO2-0633,2024-08-04,Benguerir,Youssoufia,Rail,451,411.5,4082.9,5955.7,31.4,0.022,True,TSP
CO2-0634,2025-01-21,Safi,Casablanca Port,Route,345,148.2,5317.42,6471.37,17.8,0.104,True,NPS
CO2-0635,2024-01-20,Youssoufia,Laayoune,Rail,743,468.2,7653.2,11036.11,30.7,0.022,True,Urée
CO2-0636,2024-12-11,Laayoune,Benguerir,Maritime,920,90.8,584.75,796.42,26.6,0.007,True,TSP
CO2-0637,2024-05-26,Jorf Lasfar,Safi,Route,75,175.5,1368.9,1736.1,21.2,0.104,True,DAP
CO2-0638,2024-10-04,Khouribga,Safi,Rail,155,417.2,1616.65,2401.29,32.7,0.025,True,NPS
CO2-0639,2025-02-07,Jorf Lasfar,Khouribga,Rail,180,176.2,792.9,1134.16,30.1,0.025,True,DAP
CO2-0640,2024-05-18,Khouribga,Youssoufia,Rail,575,431.0,5452.15,7934.63,31.3,0.022,True,MAP
CO2-0641,2024-05-31,Benguerir,Youssoufia,Route,554,338.0,17976.19,22325.89,19.5,0.096,True,DAP
CO2-0642,2024-04-05,Jorf Lasfar,Benguerir,Rail,110,352.3,852.57,1252.62,31.9,0.022,True,Phosphate brut
CO2-0643,2024-03-08,Laayoune,Safi,Maritime,905,321.2,2325.49,3192.97,27.2,0.008,True,TSP
CO2-0644,2024-09-25,Khouribga,Benguerir,Rail,80,201.5,403.0,533.12,24.4,0.025,True,TSP
CO2-0645,2024-05-24,Jorf Lasfar,Safi,Rail,75,32.9,54.28,76.07,28.6,0.022,True,NPS
CO2-0646,2024-09-30,Laayoune,Youssoufia,Route,210,365.2,7362.43,10966.61,32.9,0.096,True,Phosphate brut
CO2-0647,2024-12-09,Youssoufia,Benguerir,Rail,234,327.2,1684.43,2155.05,21.8,0.022,True,Phosphate brut
CO2-0648,2024-10-09,Jorf Lasfar,Casablanca Port,Maritime,95,20.7,15.73,23.57,33.3,0.008,True,Phosphate brut
CO2-0649,2024-11-27,Laayoune,Benguerir,Rail,212,128.8,600.72,739.18,18.7,0.022,True,Sulfate d'ammonium
CO2-0650,2025-03-04,Khouribga,Jorf Lasfar,Route,180,455.6,8528.83,13148.41,35.1,0.104,True,DAP
CO2-0651,2024-04-03,Jorf Lasfar,Youssoufia,Route,90,259.0,2424.24,3557.75,31.9,0.104,True,TSP
CO2-0652,2025-01-16,Laayoune,Youssoufia,Route,119,67.4,834.14,1037.37,19.6,0.104,True,Urée
CO2-0653,2025-03-06,Khouribga,Safi,Maritime,155,477.0,517.54,661.31,21.7,0.007,True,TSP
CO2-0654,2024-12-03,Casablanca Port,Khouribga,Route,120,401.0,5004.48,7622.15,34.3,0.104,True,Acide phosphorique
CO2-0655,2024-12-09,Jorf Lasfar,Benguerir,Route,110,116.1,1328.18,1944.21,31.7,0.104,True,TSP
CO2-0656,2024-04-20,Youssoufia,Benguerir,Rail,787,491.6,8511.56,13050.77,34.8,0.022,True,DAP
CO2-0657,2024-04-29,Casablanca Port,Khouribga,Maritime,120,141.8,136.13,179.85,24.3,0.008,True,TSP
CO2-0658,2024-05-18,Casablanca Port,Laayoune,Maritime,900,432.9,2727.27,3973.6,31.4,0.007,True,Sulfate d'ammonium
CO2-0659,2024-09-19,Safi,Khouribga,Route,155,414.1,6675.29,8503.47,21.5,0.104,True,DAP
CO2-0660,2024-07-09,Safi,Youssoufia,Maritime,60,366.6,153.97,188.36,18.3,0.007,True,MAP
CO2-0661,2025-01-16,Jorf Lasfar,Khouribga,Route,180,348.2,6016.9,7801.05,22.9,0.096,True,Phosphate brut
CO2-0662,2025-03-10,Khouribga,Jorf Lasfar,Maritime,180,130.0,163.8,251.01,34.7,0.007,True,MAP
CO2-0663,2024-02-25,Casablanca Port,Jorf Lasfar,Route,95,26.5,241.68,308.6,21.7,0.096,True,Urée
CO2-0664,2024-08-10,Youssoufia,Jorf Lasfar,Maritime,90,264.2,166.45,238.42,30.2,0.007,True,Phosphate brut
CO2-0665,2024-02-19,Jorf Lasfar,Laayoune,Route,820,195.4,16663.71,21826.81,23.7,0.104,True,Acide phosphorique
CO2-0666,2025-03-17,Laayoune,Safi,Rail,450,172.8,1944.0,2382.28,18.4,0.025,True,TSP
CO2-0667,2024-07-26,Casablanca Port,Laayoune,Rail,900,61.5,1383.75,1695.38,18.4,0.025,True,Sulfate d'ammonium
CO2-0668,2024-03-11,Benguerir,Jorf Lasfar,Route,110,293.4,3098.3,4342.83,28.7,0.096,True,Urée
CO2-0669,2025-01-20,Jorf Lasfar,Youssoufia,Maritime,90,236.4,170.21,225.56,24.5,0.008,True,TSP
CO2-0670,2024-07-15,Khouribga,Jorf Lasfar,Rail,180,85.8,386.1,486.12,20.6,0.025,True,TSP
CO2-0671,2025-01-20,Casablanca Port,Khouribga,Rail,120,436.1,1308.3,1613.96,18.9,0.025,True,MAP
CO2-0672,2024-11-29,Youssoufia,Safi,Rail,60,294.4,441.6,669.94,34.1,0.025,True,Urée
CO2-0673,2024-01-29,Safi,Casablanca Port,Maritime,742,237.9,1412.17,1974.55,28.5,0.008,True,NPS
CO2-0674,2025-01-10,Youssoufia,Khouribga,Rail,516,255.5,2900.44,3715.36,21.9,0.022,True,TSP
CO2-0675,2024-01-22,Youssoufia,Jorf Lasfar,Maritime,90,344.0,216.72,294.98,26.5,0.007,True,Sulfate d'ammonium
CO2-0676,2025-02-27,Casablanca Port,Jorf Lasfar,Maritime,95,318.4,241.98,325.98,25.8,0.008,True,Phosphate brut
CO2-0677,2024-08-27,Laayoune,Casablanca Port,Rail,900,348.8,6906.24,8778.21,21.3,0.022,True,MAP
CO2-0678,2025-02-02,Casablanca Port,Safi,Route,396,110.4,4196.97,6023.66,30.3,0.096,True,Sulfate d'ammonium
CO2-0679,2024-04-04,Youssoufia,Benguerir,Rail,228,41.9,238.83,335.59,28.8,0.025,True,Sulfate d'ammonium
CO2-0680,2024-07-30,Laayoune,Khouribga,Route,577,407.6,22577.78,34941.72,35.4,0.096,True,NPS
CO2-0681,2024-01-01,Laayoune,Benguerir,Route,87,361.3,3269.04,4083.35,19.9,0.104,True,NPS
CO2-0682,2024-12-04,Safi,Benguerir,Route,95,339.4,3095.33,4252.19,27.2,0.096,True,Acide phosphorique
CO2-0683,2024-03-10,Jorf Lasfar,Safi,Maritime,75,463.2,277.92,374.34,25.8,0.008,True,Phosphate brut
CO2-0684,2024-07-18,Safi,Benguerir,Route,95,495.5,4895.54,7344.61,33.3,0.104,True,DAP
CO2-0685,2024-06-20,Khouribga,Jorf Lasfar,Rail,180,171.1,677.56,924.59,26.7,0.022,True,DAP
CO2-0686,2024-05-24,Jorf Lasfar,Laayoune,Route,820,291.2,24833.54,38169.4,34.9,0.104,True,NPS
CO2-0687,2024-04-16,Khouribga,Youssoufia,Maritime,659,332.0,1531.52,2142.99,28.5,0.007,True,Urée
CO2-0688,2024-12-27,Youssoufia,Safi,Rail,60,353.5,466.62,677.37,31.1,0.022,True,TSP
CO2-0689,2024-12-25,Benguerir,Safi,Rail,95,273.9,650.51,874.76,25.6,0.025,True,Phosphate brut
CO2-0690,2024-08-13,Safi,Benguerir,Rail,95,429.6,897.86,1365.34,34.2,0.022,True,Sulfate d'ammonium
CO2-0691,2024-12-03,Jorf Lasfar,Safi,Route,75,218.7,1574.64,2026.25,22.3,0.096,True,Sulfate d'ammonium
CO2-0692,2024-07-18,Laayoune,Benguerir,Route,843,126.3,10221.21,15075.75,32.2,0.096,True,Acide phosphorique
CO2-0693,2024-07-08,Jorf Lasfar,Khouribga,Route,180,465.4,8712.29,12750.82,31.7,0.104,True,Phosphate brut
CO2-0694,2024-08-09,Laayoune,Casablanca Port,Route,900,297.6,25712.64,32892.77,21.8,0.096,True,Acide phosphorique
CO2-0695,2025-03-12,Safi,Benguerir,Rail,95,384.4,912.95,1150.29,20.6,0.025,True,Phosphate brut
CO2-0696,2025-01-05,Khouribga,Casablanca Port,Route,120,221.7,2553.98,3711.55,31.2,0.096,True,Phosphate brut
CO2-0697,2025-02-09,Jorf Lasfar,Laayoune,Maritime,820,389.9,2557.74,3590.87,28.8,0.008,True,Acide phosphorique
CO2-0698,2025-03-19,Khouribga,Benguerir,Rail,80,484.3,852.37,1155.76,26.3,0.022,True,DAP
CO2-0699,2025-01-06,Casablanca Port,Youssoufia,Rail,570,385.6,5494.8,7222.3,23.9,0.025,True,Sulfate d'ammonium
CO2-0700,2024-10-14,Youssoufia,Safi,Maritime,60,396.5,166.53,219.46,24.1,0.007,True,TSP
CO2-0701,2024-08-22,Laayoune,Youssoufia,Rail,330,24.9,205.42,266.5,22.9,0.025,True,Urée
CO2-0702,2024-06-22,Laayoune,Benguerir,Route,145,91.2,1375.3,1923.08,28.5,0.104,True,DAP
CO2-0703,2024-03-30,Youssoufia,Laayoune,Route,189,85.5,1551.31,1972.36,21.3,0.096,True,NPS
CO2-0704,2024-10-31,Benguerir,Jorf Lasfar,Route,110,359.3,3794.21,4805.78,21.0,0.096,True,Sulfate d'ammonium
CO2-0705,2024-11-30,Casablanca Port,Laayoune,Route,900,286.6,26825.76,41306.26,35.1,0.104,True,MAP
CO2-0706,2024-10-07,Jorf Lasfar,Casablanca Port,Rail,95,145.3,303.68,423.15,28.2,0.022,True,Phosphate brut
CO2-0707,2024-03-06,Benguerir,Laayoune,Route,486,206.2,9620.47,11788.61,18.4,0.096,True,Sulfate d'ammonium
CO2-0708,2024-11-12,Khouribga,Benguerir,Route,80,111.4,855.55,1073.84,20.3,0.096,True,TSP
CO2-0709,2024-05-22,Khouribga,Benguerir,Rail,80,239.6,421.7,545.17,22.6,0.022,True,Phosphate brut
CO2-0710,2024-12-16,Casablanca Port,Khouribga,Rail,120,131.4,394.2,571.58,31.0,0.025,True,Urée
CO2-0711,2024-11-03,Jorf Lasfar,Laayoune,Maritime,820,404.5,2321.83,3421.22,32.1,0.007,True,DAP
CO2-0712,2024-04-19,Khouribga,Casablanca Port,Maritime,120,361.2,303.41,424.52,28.5,0.007,True,Acide phosphorique
CO2-0713,2024-03-10,Safi,Casablanca Port,Rail,236,445.3,2627.27,3747.33,29.9,0.025,True,NPS
CO2-0714,2024-01-30,Safi,Benguerir,Rail,95,146.5,347.94,454.32,23.4,0.025,True,Sulfate d'ammonium
CO2-0715,2024-10-11,Khouribga,Benguerir,Rail,80,401.1,705.94,1081.17,34.7,0.022,True,TSP
CO2-0716,2024-09-19,Youssoufia,Casablanca Port,Maritime,367,222.6,653.55,825.7,20.8,0.008,True,Sulfate d'ammonium
CO2-0717,2024-04-29,Casablanca Port,Youssoufia,Rail,285,84.1,527.31,747.86,29.5,0.022,True,Phosphate brut
CO2-0718,2025-03-21,Khouribga,Benguerir,Rail,80,178.5,357.0,552.29,35.4,0.025,True,Phosphate brut
CO2-0719,2024-07-16,Youssoufia,Khouribga,Rail,102,125.3,281.17,377.58,25.5,0.022,True,NPS
CO2-0720,2024-11-28,Khouribga,Laayoune,Maritime,205,341.8,490.48,723.05,32.2,0.007,True,Sulfate d'ammonium
CO2-0721,2025-01-06,Laayoune,Khouribga,Route,517,88.2,4742.34,6702.75,29.2,0.104,True,Sulfate d'ammonium
CO2-0722,2024-08-03,Laayoune,Benguerir,Rail,846,47.2,878.49,1251.51,29.8,0.022,True,Phosphate brut
CO2-0723,2025-03-07,Khouribga,Youssoufia,Rail,316,372.7,2591.01,3807.11,31.9,0.022,True,NPS
CO2-0724,2024-04-12,Youssoufia,Benguerir,Rail,301,150.0,1128.75,1372.94,17.8,0.025,True,Acide phosphorique
CO2-0725,2024-01-13,Safi,Khouribga,Maritime,155,375.9,466.12,574.17,18.8,0.008,True,TSP
CO2-0726,2024-10-16,Youssoufia,Laayoune,Rail,379,45.0,375.21,457.93,18.1,0.022,True,Urée
CO2-0727,2024-03-19,Laayoune,Benguerir,Maritime,639,242.0,1082.47,1614.06,32.9,0.007,True,NPS
CO2-0728,2024-07-21,Casablanca Port,Laayoune,Maritime,900,174.1,1096.83,1475.1,25.6,0.007,True,TSP
CO2-0729,2024-06-25,Benguerir,Khouribga,Route,80,327.1,2721.47,3777.1,27.9,0.104,True,NPS
CO2-0730,2025-01-27,Youssoufia,Laayoune,Route,724,91.2,6867.0,10336.71,33.6,0.104,True,MAP
CO2-0731,2025-03-30,Youssoufia,Benguerir,Route,693,39.2,2607.9,3843.21,32.1,0.096,True,Sulfate d'ammonium
CO2-0732,2025-01-28,Safi,Jorf Lasfar,Maritime,75,362.1,217.26,315.82,31.2,0.008,True,TSP
CO2-0733,2025-03-21,Youssoufia,Jorf Lasfar,Rail,90,110.1,218.0,320.31,31.9,0.022,True,MAP
CO2-0734,2024-02-06,Laayoune,Youssoufia,Rail,213,60.6,322.69,400.69,19.5,0.025,True,NPS
CO2-0735,2025-03-05,Jorf Lasfar,Khouribga,Rail,180,186.4,738.14,993.22,25.7,0.022,True,DAP
CO2-0736,2025-01-11,Casablanca Port,Khouribga,Route,120,434.2,5418.82,7055.15,23.2,0.104,True,DAP
CO2-0737,2024-03-21,Laayoune,Casablanca Port,Rail,900,92.5,1831.5,2574.57,28.9,0.022,True,Acide phosphorique
CO2-0738,2024-03-25,Casablanca Port,Benguerir,Rail,692,172.8,2630.71,3611.69,27.2,0.022,True,TSP
CO2-0739,2024-07-13,Youssoufia,Benguerir,Route,477,379.3,18816.31,24030.48,21.7,0.104,True,NPS
CO2-0740,2024-04-26,Youssoufia,Benguerir,Rail,449,431.4,4842.47,6055.6,20.0,0.025,True,Urée
CO2-0741,2024-07-21,Youssoufia,Jorf Lasfar,Maritime,90,348.8,219.74,309.15,28.9,0.007,True,Urée
CO2-0742,2025-02-23,Laayoune,Youssoufia,Rail,837,373.3,6873.95,10213.03,32.7,0.022,True,Phosphate brut
CO2-0743,2024-01-15,Benguerir,Safi,Route,95,441.1,4022.83,5256.46,23.5,0.096,True,NPS
CO2-0744,2024-12-26,Jorf Lasfar,Casablanca Port,Maritime,95,25.6,19.46,23.49,17.2,0.008,True,TSP
CO2-0745,2025-01-29,Khouribga,Safi,Maritime,155,201.2,249.49,359.15,30.5,0.008,True,MAP
CO2-0746,2025-01-20,Jorf Lasfar,Benguerir,Rail,110,347.3,840.47,1084.28,22.5,0.022,True,TSP
CO2-0747,2024-09-02,Safi,Jorf Lasfar,Maritime,75,120.4,63.21,85.01,25.6,0.007,True,Acide phosphorique
CO2-0748,2024-05-12,Youssoufia,Jorf Lasfar,Route,90,173.1,1620.22,2035.01,20.4,0.104,True,Sulfate d'ammonium
CO2-0749,2024-11-06,Jorf Lasfar,Youssoufia,Rail,90,58.7,132.08,174.64,24.4,0.025,True,MAP
CO2-0750,2025-03-20,Youssoufia,Casablanca Port,Rail,108,334.0,793.58,1153.7,31.2,0.022,True,TSP
CO2-0751,2024-11-14,Youssoufia,Casablanca Port,Route,199,54.2,1035.44,1321.66,21.7,0.096,True,TSP
CO2-0752,2025-03-27,Jorf Lasfar,Benguerir,Route,110,339.1,3580.9,4801.19,25.4,0.096,True,Urée
CO2-0753,2024-11-13,Youssoufia,Jorf Lasfar,Maritime,90,409.9,258.24,325.47,20.7,0.007,True,Acide phosphorique
CO2-0754,2024-09-17,Casablanca Port,Youssoufia,Rail,521,201.0,2618.03,3749.37,30.2,0.025,True,DAP
CO2-0755,2024-06-08,Casablanca Port,Laayoune,Maritime,900,66.6,479.52,696.91,31.2,0.008,True,Phosphate brut
CO2-0756,2025-02-19,Casablanca Port,Jorf Lasfar,Rail,95,150.9,358.39,536.9,33.2,0.025,True,Phosphate brut
CO2-0757,2024-05-17,Casablanca Port,Youssoufia,Rail,918,328.3,7534.49,11284.23,33.2,0.025,True,MAP
CO2-0758,2025-02-01,Laayoune,Youssoufia,Rail,461,379.6,4374.89,6264.67,30.2,0.025,True,MAP
CO2-0759,2025-02-26,Casablanca Port,Benguerir,Maritime,237,437.5,829.5,1116.51,25.7,0.008,True,NPS
CO2-0760,2024-03-26,Safi,Benguerir,Rail,95,386.5,917.94,1272.08,27.8,0.025,True,Acide phosphorique
CO2-0761,2024-08-25,Jorf Lasfar,Casablanca Port,Rail,95,168.5,400.19,585.29,31.6,0.025,True,DAP
CO2-0762,2025-01-21,Khouribga,Jorf Lasfar,Rail,180,465.5,1843.38,2497.38,26.2,0.022,True,NPS
CO2-0763,2024-10-28,Youssoufia,Safi,Maritime,60,392.5,188.4,268.14,29.7,0.008,True,Acide phosphorique
CO2-0764,2024-04-02,Laayoune,Safi,Maritime,398,392.0,1092.11,1538.27,29.0,0.007,True,TSP
CO2-0765,2024-04-19,Youssoufia,Safi,Maritime,60,73.7,30.95,44.88,31.0,0.007,True,Urée
CO2-0766,2024-01-14,Laayoune,Youssoufia,Rail,156,112.8,387.13,505.97,23.5,0.022,True,MAP
CO2-0767,2024-06-17,Khouribga,Safi,Rail,155,141.4,482.17,712.91,32.4,0.022,True,MAP
CO2-0768,2025-03-17,Benguerir,Laayoune,Route,603,460.2,28860.06,42434.97,32.0,0.104,True,MAP
CO2-0769,2024-11-11,Khouribga,Jorf Lasfar,Maritime,180,93.6,134.78,189.48,28.9,0.008,True,Acide phosphorique
CO2-0770,2025-02-02,Jorf Lasfar,Laayoune,Maritime,820,332.8,2183.17,3153.39,30.8,0.008,True,MAP
CO2-0771,2024-12-01,Casablanca Port,Jorf Lasfar,Rail,95,125.3,297.59,401.09,25.8,0.025,True,DAP
CO2-0772,2024-02-18,Casablanca Port,Laayoune,Maritime,900,359.0,2261.7,2718.3,16.8,0.007,True,Phosphate brut
CO2-0773,2024-11-03,Casablanca Port,Youssoufia,Maritime,424,112.8,382.62,484.39,21.0,0.008,True,MAP
CO2-0774,2024-05-19,Khouribga,Safi,Maritime,155,176.8,191.83,248.33,22.8,0.007,True,Phosphate brut
CO2-0775,2024-05-05,Jorf Lasfar,Laayoune,Rail,820,285.5,5852.75,8917.93,34.4,0.025,True,TSP
CO2-0776,2024-11-05,Casablanca Port,Jorf Lasfar,Maritime,95,48.6,36.94,51.23,27.9,0.008,True,Urée
CO2-0777,2024-05-17,Youssoufia,Jorf Lasfar,Route,90,431.7,4040.71,6042.25,33.1,0.104,True,Phosphate brut
CO2-0778,2024-06-07,Laayoune,Jorf Lasfar,Maritime,820,343.1,2250.74,2869.85,21.6,0.008,True,NPS
CO2-0779,2024-03-29,Safi,Laayoune,Rail,597,181.4,2707.4,4085.86,33.7,0.025,True,Urée
CO2-0780,2025-03-04,Youssoufia,Jorf Lasfar,Route,90,139.0,1301.04,1700.0,23.5,0.104,True,MAP
CO2-0781,2024-05-01,Khouribga,Youssoufia,Rail,238,338.6,1772.91,2252.29,21.3,0.022,True,Phosphate brut
CO2-0782,2025-01-29,Casablanca Port,Jorf Lasfar,Rail,95,343.1,717.08,1043.98,31.3,0.022,True,Phosphate brut
CO2-0783,2024-02-19,Benguerir,Youssoufia,Route,834,308.0,26714.69,36997.82,27.8,0.104,True,Sulfate d'ammonium
CO2-0784,2025-01-09,Casablanca Port,Laayoune,Maritime,900,214.9,1353.87,1858.26,27.1,0.007,True,MAP
CO2-0785,2024-10-14,Casablanca Port,Khouribga,Route,120,322.0,4018.56,5983.37,32.8,0.104,True,TSP
CO2-0786,2024-07-25,Khouribga,Laayoune,Maritime,615,68.2,335.54,431.7,22.3,0.008,True,MAP
CO2-0787,2024-11-14,Jorf Lasfar,Youssoufia,Route,90,233.4,2184.62,2710.84,19.4,0.104,True,MAP
CO2-0788,2024-07-10,Benguerir,Casablanca Port,Route,673,429.5,30061.56,41766.22,28.0,0.104,True,Acide phosphorique
CO2-0789,2024-01-13,Benguerir,Laayoune,Route,262,372.5,10149.88,15699.19,35.3,0.104,True,TSP
CO2-0790,2024-11-06,Casablanca Port,Safi,Route,457,354.0,16824.91,23333.68,27.9,0.104,True,TSP
CO2-0791,2024-09-08,Jorf Lasfar,Benguerir,Maritime,110,65.2,57.38,77.86,26.3,0.008,True,Acide phosphorique
CO2-0792,2024-05-06,Jorf Lasfar,Casablanca Port,Maritime,95,447.7,340.25,449.2,24.3,0.008,True,Phosphate brut
CO2-0793,2024-01-08,Jorf Lasfar,Benguerir,Maritime,110,321.6,247.63,363.37,31.9,0.007,True,Acide phosphorique
CO2-0794,2025-01-04,Youssoufia,Casablanca Port,Maritime,103,233.6,192.49,240.6,20.0,0.008,True,Urée
CO2-0795,2025-03-21,Safi,Casablanca Port,Route,144,386.9,5348.51,7576.47,29.4,0.096,True,NPS
CO2-0796,2024-12-21,Khouribga,Casablanca Port,Rail,120,395.3,1185.9,1550.5,23.5,0.025,True,NPS
CO2-0797,2025-03-19,Benguerir,Casablanca Port,Route,782,316.5,23760.29,30876.01,23.0,0.096,True,Acide phosphorique
CO2-0798,2025-01-26,Khouribga,Casablanca Port,Rail,120,312.0,823.68,1232.59,33.2,0.022,True,MAP
CO2-0799,2025-02-07,Safi,Jorf Lasfar,Rail,75,422.7,697.45,1067.31,34.7,0.022,True,Sulfate d'ammonium
CO2-0800,2025-02-18,Youssoufia,Jorf Lasfar,Maritime,90,277.5,174.82,216.32,19.2,0.007,True,Urée
CO2-0801,2024-09-02,Benguerir,Casablanca Port,Maritime,108,147.3,127.27,153.16,16.9,0.008,True,TSP
CO2-0802,2024-01-08,Casablanca Port,Laayoune,Maritime,900,209.4,1507.68,1981.59,23.9,0.008,True,TSP
CO2-0803,2024-12-22,Khouribga,Youssoufia,Rail,488,87.0,934.03,1133.61,17.6,0.022,True,Urée
CO2-0804,2025-02-26,Benguerir,Casablanca Port,Maritime,142,28.7,32.6,41.16,20.8,0.008,True,Acide phosphorique
CO2-0805,2025-03-08,Benguerir,Casablanca Port,Rail,868,126.3,2740.71,4130.36,33.6,0.025,True,Phosphate brut
CO2-0806,2025-02-24,Laayoune,Casablanca Port,Rail,900,251.6,5661.0,7885.05,28.2,0.025,True,NPS
CO2-0807,2024-07-02,Benguerir,Laayoune,Rail,646,186.9,3018.44,3637.52,17.0,0.025,True,NPS
CO2-0808,2024-02-05,Laayoune,Benguerir,Rail,128,20.3,64.96,93.4,30.5,0.025,True,Urée
CO2-0809,2024-10-03,Laayoune,Casablanca Port,Route,900,304.2,28473.12,40596.04,29.9,0.104,True,DAP
CO2-0810,2025-03-15,Benguerir,Jorf Lasfar,Route,110,287.8,3039.17,3850.79,21.1,0.096,True,NPS
CO2-0811,2024-02-10,Jorf Lasfar,Laayoune,Route,820,235.4,18530.69,25496.91,27.3,0.096,True,NPS
CO2-0812,2024-05-05,Casablanca Port,Khouribga,Maritime,120,274.8,230.83,310.48,25.7,0.007,True,DAP
CO2-0813,2024-10-16,Khouribga,Youssoufia,Maritime,848,117.9,699.85,1057.47,33.8,0.007,True,MAP
CO2-0814,2024-07-14,Khouribga,Benguerir,Route,80,165.4,1270.27,1582.8,19.7,0.096,True,DAP
CO2-0815,2024-11-23,Safi,Jorf Lasfar,Route,75,184.6,1329.12,1854.81,28.3,0.096,True,Urée
CO2-0816,2024-10-20,Laayoune,Benguerir,Rail,388,471.2,4022.16,5026.16,20.0,0.022,True,TSP
CO2-0817,2025-01-06,Khouribga,Safi,Route,155,306.7,4563.7,5695.15,19.9,0.096,True,Urée
CO2-0818,2024-01-07,Laayoune,Youssoufia,Rail,265,79.9,465.82,613.08,24.0,0.022,True,Phosphate brut
CO2-0819,2024-01-23,Casablanca Port,Laayoune,Maritime,900,231.0,1455.3,1878.09,22.5,0.007,True,Acide phosphorique
CO2-0820,2024-09-09,Safi,Jorf Lasfar,Route,75,158.5,1141.2,1518.17,24.8,0.096,True,Phosphate brut
CO2-0821,2024-06-29,Jorf Lasfar,Safi,Route,75,66.3,477.36,662.11,27.9,0.096,True,Sulfate d'ammonium
CO2-0822,2024-09-27,Khouribga,Jorf Lasfar,Rail,180,158.0,711.0,907.49,21.7,0.025,True,TSP
CO2-0823,2024-11-02,Casablanca Port,Jorf Lasfar,Rail,95,375.7,892.29,1110.64,19.7,0.025,True,TSP
CO2-0824,2024-04-21,Khouribga,Youssoufia,Maritime,877,246.7,1514.49,2153.09,29.7,0.007,True,NPS
CO2-0825,2025-02-27,Safi,Youssoufia,Route,60,149.9,935.38,1361.94,31.3,0.104,True,Sulfate d'ammonium
CO2-0826,2024-09-09,Jorf Lasfar,Benguerir,Maritime,110,174.2,134.13,168.98,20.6,0.007,True,Acide phosphorique
CO2-0827,2024-08-30,Youssoufia,Laayoune,Route,223,362.1,7751.84,9577.33,19.1,0.096,True,MAP
CO2-0828,2024-12-14,Jorf Lasfar,Benguerir,Route,110,315.2,3605.89,4411.07,18.3,0.104,True,Sulfate d'ammonium
CO2-0829,2024-03-13,Khouribga,Casablanca Port,Maritime,120,194.4,163.3,210.72,22.5,0.007,True,NPS
CO2-0830,2024-06-15,Benguerir,Safi,Route,95,387.0,3823.56,5065.52,24.5,0.104,True,TSP
CO2-0831,2024-08-17,Benguerir,Jorf Lasfar,Maritime,110,376.8,331.58,410.91,19.3,0.008,True,NPS
CO2-0832,2025-03-19,Khouribga,Safi,Maritime,155,357.1,442.8,602.57,26.5,0.008,True,Acide phosphorique
CO2-0833,2025-01-14,Benguerir,Casablanca Port,Rail,117,180.0,463.32,638.78,27.5,0.022,True,DAP
CO2-0834,2024-03-05,Youssoufia,Benguerir,Rail,622,124.5,1935.98,2915.29,33.6,0.025,True,MAP
CO2-0835,2024-05-21,Casablanca Port,Youssoufia,Rail,925,329.3,6701.25,9043.29,25.9,0.022,True,DAP
CO2-0836,2025-03-08,Jorf Lasfar,Safi,Maritime,75,447.0,268.2,328.25,18.3,0.008,True,TSP
CO2-0837,2025-03-06,Safi,Casablanca Port,Route,281,24.6,718.91,972.09,26.0,0.104,True,Sulfate d'ammonium
CO2-0838,2024-08-25,Casablanca Port,Khouribga,Route,120,78.7,906.62,1217.6,25.5,0.096,True,Phosphate brut
CO2-0839,2025-02-01,Benguerir,Laayoune,Rail,574,409.8,5174.95,6300.51,17.9,0.022,True,MAP
CO2-0840,2024-08-04,Benguerir,Jorf Lasfar,Maritime,110,110.2,84.85,127.64,33.5,0.007,True,NPS
CO2-0841,2024-05-06,Khouribga,Laayoune,Route,533,376.3,20859.06,29356.45,28.9,0.104,True,Urée
CO2-0842,2024-11-03,Jorf Lasfar,Khouribga,Route,180,120.8,2087.42,2604.67,19.9,0.096,True,Acide phosphorique
CO2-0843,2024-09-22,Safi,Laayoune,Route,348,486.4,17603.79,21448.99,17.9,0.104,True,DAP
CO2-0844,2025-03-06,Casablanca Port,Khouribga,Rail,120,275.5,826.5,1090.24,24.2,0.025,True,Phosphate brut
CO2-0845,2024-09-21,Jorf Lasfar,Khouribga,Maritime,180,419.7,604.37,759.88,20.5,0.008,True,MAP
CO2-0846,2024-08-11,Jorf Lasfar,Casablanca Port,Route,95,270.6,2673.53,3367.5,20.6,0.104,True,Acide phosphorique
CO2-0847,2024-08-19,Safi,Benguerir,Maritime,95,392.7,261.15,369.98,29.4,0.007,True,NPS
CO2-0848,2024-10-15,Jorf Lasfar,Benguerir,Route,110,289.3,3309.59,4925.86,32.8,0.104,True,NPS
CO2-0849,2025-02-07,Benguerir,Laayoune,Maritime,664,187.3,870.57,1083.2,19.6,0.007,True,MAP
CO2-0850,2024-12-08,Laayoune,Jorf Lasfar,Rail,820,88.9,1822.45,2662.27,31.5,0.025,True,NPS
CO2-0851,2024-02-27,Casablanca Port,Jorf Lasfar,Maritime,95,450.7,342.53,509.34,32.8,0.008,True,Acide phosphorique
CO2-0852,2024-12-16,Jorf Lasfar,Casablanca Port,Rail,95,312.0,652.08,987.61,34.0,0.022,True,NPS
CO2-0853,2024-07-23,Khouribga,Safi,Maritime,155,163.6,202.86,309.14,34.4,0.008,True,MAP
CO2-0854,2024-05-04,Laayoune,Benguerir,Rail,515,258.2,2925.41,4046.06,27.7,0.022,True,Urée
CO2-0855,2024-01-24,Jorf Lasfar,Khouribga,Rail,180,368.5,1658.25,2111.73,21.5,0.025,True,Sulfate d'ammonium
CO2-0856,2025-03-25,Laayoune,Safi,Maritime,196,392.2,614.97,790.86,22.2,0.008,True,NPS
CO2-0857,2024-09-18,Laayoune,Jorf Lasfar,Rail,820,473.7,9710.85,13612.22,28.7,0.025,True,DAP
CO2-0858,2024-05-09,Casablanca Port,Jorf Lasfar,Maritime,95,365.7,243.19,362.76,33.0,0.007,True,NPS
CO2-0859,2025-03-11,Safi,Casablanca Port,Rail,459,171.5,1967.96,2954.9,33.4,0.025,True,Urée
CO2-0860,2024-03-10,Jorf Lasfar,Youssoufia,Rail,90,398.9,789.82,1121.39,29.6,0.022,True,Sulfate d'ammonium
CO2-0861,2024-12-26,Casablanca Port,Jorf Lasfar,Maritime,95,29.9,22.72,34.91,34.9,0.008,True,DAP
CO2-0862,2024-11-02,Laayoune,Casablanca Port,Route,900,80.7,6972.48,8415.72,17.1,0.096,True,MAP
CO2-0863,2024-01-09,Khouribga,Casablanca Port,Rail,120,300.6,793.58,1021.35,22.3,0.022,True,TSP
CO2-0864,2024-09-01,Laayoune,Jorf Lasfar,Route,820,84.5,7206.16,9529.04,24.4,0.104,True,Phosphate brut
CO2-0865,2025-02-16,Casablanca Port,Safi,Rail,667,48.4,807.07,1061.16,23.9,0.025,True,MAP
CO2-0866,2024-09-11,Laayoune,Jorf Lasfar,Maritime,820,40.5,232.47,283.93,18.1,0.007,True,TSP
CO2-0867,2024-02-24,Benguerir,Youssoufia,Maritime,552,119.2,460.59,698.73,34.1,0.007,True,NPS
CO2-0868,2024-03-02,Youssoufia,Jorf Lasfar,Route,90,459.2,4298.11,5484.22,21.6,0.104,True,Sulfate d'ammonium
CO2-0869,2024-06-11,Jorf Lasfar,Laayoune,Maritime,820,292.8,1920.77,2542.39,24.5,0.008,True,DAP
CO2-0870,2024-11-30,Casablanca Port,Khouribga,Maritime,120,281.4,236.38,291.13,18.8,0.007,True,Acide phosphorique
CO2-0871,2024-10-26,Safi,Laayoune,Rail,168,332.3,1228.18,1826.48,32.8,0.022,True,Phosphate brut
CO2-0872,2024-03-30,Jorf Lasfar,Safi,Maritime,75,191.4,114.84,141.88,19.1,0.008,True,Acide phosphorique
CO2-0873,2024-04-14,Youssoufia,Jorf Lasfar,Maritime,90,40.4,25.45,38.01,33.0,0.007,True,Phosphate brut
CO2-0874,2024-05-03,Safi,Jorf Lasfar,Rail,75,33.5,55.27,76.86,28.1,0.022,True,Urée
CO2-0875,2024-07-12,Laayoune,Casablanca Port,Route,900,22.2,2077.92,2708.04,23.3,0.104,True,MAP
CO2-0876,2024-11-16,Safi,Benguerir,Route,95,412.2,3759.26,4611.82,18.5,0.096,True,MAP
CO2-0877,2024-06-08,Jorf Lasfar,Laayoune,Route,820,324.6,27681.89,36461.66,24.1,0.104,True,Acide phosphorique
CO2-0878,2024-01-30,Safi,Benguerir,Rail,95,482.4,1145.7,1450.59,21.0,0.025,True,DAP
CO2-0879,2025-01-12,Youssoufia,Jorf Lasfar,Rail,90,146.7,290.47,391.23,25.8,0.022,True,Urée
CO2-0880,2024-07-29,Youssoufia,Casablanca Port,Rail,349,324.2,2828.64,3843.13,26.4,0.025,True,Phosphate brut
CO2-0881,2025-03-22,Jorf Lasfar,Benguerir,Rail,110,296.2,716.8,1060.18,32.4,0.022,True,Urée
CO2-0882,2024-01-03,Safi,Jorf Lasfar,Route,75,383.0,2757.6,3858.94,28.5,0.096,True,TSP
CO2-0883,2024-07-28,Jorf Lasfar,Casablanca Port,Route,95,264.4,2411.33,3628.83,33.6,0.096,True,Sulfate d'ammonium
CO2-0884,2024-09-12,Khouribga,Laayoune,Rail,931,419.1,8584.01,11916.09,28.0,0.022,True,NPS
CO2-0885,2024-06-01,Youssoufia,Jorf Lasfar,Rail,90,147.6,332.1,400.99,17.2,0.025,True,Urée
CO2-0886,2024-10-25,Laayoune,Jorf Lasfar,Maritime,820,398.6,2614.82,3905.76,33.1,0.008,True,Acide phosphorique
CO2-0887,2024-06-10,Laayoune,Casablanca Port,Rail,900,166.4,3744.0,5266.78,28.9,0.025,True,MAP
CO2-0888,2024-10-05,Jorf Lasfar,Safi,Rail,75,245.5,405.07,622.44,34.9,0.022,True,Phosphate brut
CO2-0889,2025-01-03,Casablanca Port,Youssoufia,Rail,494,156.3,1698.67,2305.65,26.3,0.022,True,Acide phosphorique
CO2-0890,2024-03-28,Khouribga,Benguerir,Maritime,80,310.4,173.82,265.9,34.6,0.007,True,Sulfate d'ammonium
CO2-0891,2024-05-24,Youssoufia,Casablanca Port,Maritime,509,485.3,1729.12,2404.74,28.1,0.007,True,Urée
CO2-0892,2024-01-31,Youssoufia,Safi,Route,60,100.1,576.58,878.33,34.4,0.096,True,MAP
CO2-0893,2024-10-03,Casablanca Port,Youssoufia,Rail,167,313.4,1151.43,1563.15,26.3,0.022,True,TSP
CO2-0894,2025-01-19,Khouribga,Safi,Route,155,29.4,437.47,630.53,30.6,0.096,True,Acide phosphorique
CO2-0895,2024-07-05,Khouribga,Casablanca Port,Rail,120,149.9,395.74,591.26,33.1,0.022,True,MAP
CO2-0896,2024-03-17,Khouribga,Casablanca Port,Route,120,315.7,3939.94,6044.51,34.8,0.104,True,TSP
CO2-0897,2025-03-09,Youssoufia,Safi,Maritime,60,33.5,16.08,21.97,26.8,0.008,True,Urée
CO2-0898,2024-10-16,Benguerir,Casablanca Port,Route,289,108.0,3246.05,3984.02,18.5,0.104,True,NPS
CO2-0899,2024-07-24,Laayoune,Benguerir,Rail,269,159.0,940.96,1403.29,32.9,0.022,True,Phosphate brut
CO2-0900,2024-02-10,Youssoufia,Jorf Lasfar,Rail,90,276.1,621.23,753.18,17.5,0.025,True,Acide phosphorique
