action_id,date_heure,type_action,categorie,anomalie_id,scenario_selectionne,site,produit,gain_principal,economie_usd,co2_evite_kg,temps_reaction_min,norme_iso,mode,operateur
AH-0001,2025-02-12 10:22:36,Rapport ISO auto-généré,Qualité,ANO-0111,SIM-0013-S3,Casablanca Port,Urée,Conformité ISO 9001 PDCA,9837.0,88.1,1.2,ISO 42001,Automatique,Ahmed B.
AH-0002,2024-04-27 15:09:57,Redistribution stock,Stock,ANO-0200,SIM-0005-S3,Khouribga,Sulfate d'ammonium,"−35% CO₂, −18% coût",35119.0,46.4,4.5,ISO 42001,Automatique,Système IA
AH-0003,2024-10-06 22:10:28,Alerte qualité bloquage,Qualité,ANO-0051,SIM-0053-S3,Jorf Lasfar,DAP,"Lot retenu, non-conformité évitée",647.0,86.3,3.2,ISO 9001,Automatique,Karim M.
AH-0004,2024-04-16 01:41:26,Changement fournisseur,Appro.,ANO-0086,SIM-0103-S3,Jorf Lasfar,DAP,Délai normalisé,1365.0,85.7,3.3,ISO 9001,Automatique,Système IA
AH-0005,2024-05-13 08:04:15,Simulation Monte-Carlo,IA,ANO-0042,SIM-0012-S3,Khouribga,Phosphate brut,Scénario optimal sélectionné,24416.0,71.6,0.7,ISO 42001,Human-in-loop,Karim M.
AH-0006,2024-04-20 17:02:45,Simulation Monte-Carlo,IA,ANO-0048,SIM-0016-S3,Khouribga,Acide phosphorique,Scénario optimal sélectionné,14366.0,166.4,4.0,ISO 42001,Automatique,Karim M.
AH-0007,2025-03-18 07:51:57,Reroutage automatique,Logistique,ANO-0043,SIM-0071-S3,Laayoune,MAP,"Délai respecté, −12 kg CO₂",21433.0,6.1,1.7,ISO 14001,Automatique,Ahmed B.
AH-0008,2024-08-22 05:00:29,Changement fournisseur,Appro.,ANO-0076,SIM-0110-S3,Laayoune,TSP,Délai normalisé,8428.0,30.2,3.4,ISO 9001,Automatique,Ahmed B.
AH-0009,2024-07-28 14:53:32,Changement fournisseur,Appro.,ANO-0194,SIM-0011-S3,Youssoufia,DAP,Délai normalisé,26334.0,58.4,4.2,ISO 42001,Human-in-loop,Karim M.
AH-0010,2024-01-18 13:22:05,Alerte qualité bloquage,Qualité,ANO-0054,SIM-0087-S3,Youssoufia,Urée,"Lot retenu, non-conformité évitée",28942.0,66.8,0.9,ISO 14001,Automatique,Système IA
AH-0011,2024-08-21 02:25:03,Simulation Monte-Carlo,IA,ANO-0185,SIM-0072-S3,Khouribga,TSP,Scénario optimal sélectionné,12312.0,65.4,3.6,ISO 45001,Automatique,Système IA
AH-0012,2024-03-23 03:40:17,Commande anticipée,Stock,ANO-0028,SIM-0074-S3,Casablanca Port,MAP,"Rupture évitée, +8% service",14521.0,167.8,3.1,ISO 9001,Automatique,Karim M.
AH-0013,2024-11-10 06:21:15,Réaffectation véhicule,Logistique,ANO-0194,SIM-0090-S3,Benguerir,Urée,Livraison maintenue à temps,11637.0,102.3,4.1,ISO 42001,Automatique,Karim M.
AH-0014,2024-02-15 15:52:37,Rapport ISO auto-généré,Qualité,ANO-0003,SIM-0065-S3,Jorf Lasfar,Acide phosphorique,Conformité ISO 9001 PDCA,14176.0,50.3,2.8,ISO 14001,Automatique,Système IA
AH-0015,2025-03-14 12:04:12,Reroutage automatique,Logistique,ANO-0029,SIM-0074-S3,Khouribga,NPS,"Délai respecté, −12 kg CO₂",13263.0,153.1,1.1,ISO 42001,Automatique,Système IA
AH-0016,2025-03-19 17:26:32,Rapport ISO auto-généré,Qualité,ANO-0189,SIM-0093-S3,Laayoune,Phosphate brut,Conformité ISO 9001 PDCA,17808.0,173.3,3.3,ISO 14001,Automatique,Ahmed B.
AH-0017,2025-02-23 16:31:36,Alerte SST déclenchée,Sécurité,ANO-0069,SIM-0066-S3,Safi,Acide phosphorique,"Incident évité, ISO 45001",20317.0,171.4,2.8,ISO 9001,Automatique,Système IA
AH-0018,2024-09-04 10:24:35,Rapport ISO auto-généré,Qualité,ANO-0071,SIM-0056-S3,Youssoufia,TSP,Conformité ISO 9001 PDCA,32206.0,6.7,0.8,ISO 14001,Automatique,Karim M.
AH-0019,2024-01-12 07:08:06,Commande anticipée,Stock,ANO-0092,SIM-0116-S3,Benguerir,DAP,"Rupture évitée, +8% service",39563.0,138.2,0.5,ISO 9001,Automatique,Système IA
AH-0020,2024-07-12 03:29:07,Rapport ISO auto-généré,Qualité,ANO-0075,SIM-0096-S3,Casablanca Port,Urée,Conformité ISO 9001 PDCA,20514.0,108.9,3.3,ISO 9001,Automatique,Système IA
AH-0021,2024-03-10 21:22:22,Alerte qualité bloquage,Qualité,ANO-0032,SIM-0033-S3,Khouribga,Urée,"Lot retenu, non-conformité évitée",35965.0,9.0,4.8,ISO 9001,Automatique,Ahmed B.
AH-0022,2024-04-17 20:36:26,Changement fournisseur,Appro.,ANO-0176,SIM-0064-S3,Youssoufia,NPS,Délai normalisé,33449.0,106.8,2.9,ISO 42001,Automatique,Système IA
AH-0023,2024-10-28 12:39:28,Redistribution stock,Stock,ANO-0003,SIM-0070-S3,Laayoune,Sulfate d'ammonium,"−35% CO₂, −18% coût",13649.0,178.1,4.8,ISO 42001,Automatique,Fatima Z.
AH-0024,2024-07-09 06:05:03,Rapport ISO auto-généré,Qualité,ANO-0011,SIM-0007-S3,Khouribga,Acide phosphorique,Conformité ISO 9001 PDCA,30857.0,48.6,1.0,ISO 9001,Automatique,Ahmed B.
AH-0025,2024-03-05 01:34:28,Simulation Monte-Carlo,IA,ANO-0025,SIM-0067-S3,Khouribga,Sulfate d'ammonium,Scénario optimal sélectionné,4343.0,110.7,3.4,ISO 45001,Automatique,Ahmed B.
AH-0026,2024-08-28 01:02:00,Alerte qualité bloquage,Qualité,ANO-0039,SIM-0003-S3,Youssoufia,Acide phosphorique,"Lot retenu, non-conformité évitée",36260.0,121.3,0.8,ISO 14001,Automatique,Ahmed B.
AH-0027,2024-11-16 16:30:34,Alerte SST déclenchée,Sécurité,ANO-0106,SIM-0004-S3,Safi,Sulfate d'ammonium,"Incident évité, ISO 45001",17003.0,105.6,3.2,ISO 45001,Automatique,Fatima Z.
AH-0028,2024-12-01 11:59:26,Rapport ISO auto-généré,Qualité,ANO-0114,SIM-0019-S3,Casablanca Port,DAP,Conformité ISO 9001 PDCA,4478.0,101.3,1.7,ISO 9001,Automatique,Système IA
AH-0029,2025-01-28 19:05:00,Reroutage automatique,Logistique,ANO-0039,SIM-0118-S3,Youssoufia,Phosphate brut,"Délai respecté, −12 kg CO₂",23198.0,109.4,4.0,ISO 9001,Automatique,Karim M.
AH-0030,2024-01-27 03:51:13,Commande anticipée,Stock,ANO-0136,SIM-0045-S3,Jorf Lasfar,MAP,"Rupture évitée, +8% service",22460.0,125.5,4.6,ISO 42001,Automatique,Fatima Z.
AH-0031,2024-11-15 16:30:57,Changement fournisseur,Appro.,ANO-0080,SIM-0021-S3,Youssoufia,Sulfate d'ammonium,Délai normalisé,44809.0,8.0,1.8,ISO 14001,Automatique,Système IA
AH-0032,2025-03-04 11:41:47,Commande anticipée,Stock,ANO-0180,SIM-0043-S3,Khouribga,MAP,"Rupture évitée, +8% service",30961.0,169.2,3.3,ISO 45001,Automatique,Système IA
AH-0033,2024-11-04 19:28:46,Alerte SST déclenchée,Sécurité,ANO-0030,SIM-0114-S3,Khouribga,DAP,"Incident évité, ISO 45001",21016.0,35.3,0.7,ISO 42001,Automatique,Système IA
AH-0034,2024-04-09 06:07:08,Reroutage automatique,Logistique,ANO-0144,SIM-0032-S3,Jorf Lasfar,TSP,"Délai respecté, −12 kg CO₂",20731.0,10.2,3.8,ISO 14001,Automatique,Ahmed B.
AH-0035,2024-11-27 19:52:40,Alerte qualité bloquage,Qualité,ANO-0018,SIM-0045-S3,Khouribga,TSP,"Lot retenu, non-conformité évitée",1516.0,163.3,4.8,ISO 45001,Automatique,Karim M.
AH-0036,2024-09-09 12:20:46,Rapport ISO auto-généré,Qualité,ANO-0058,SIM-0105-S3,Laayoune,Acide phosphorique,Conformité ISO 9001 PDCA,14180.0,131.9,4.9,ISO 45001,Automatique,Ahmed B.
AH-0037,2024-11-21 10:00:58,Simulation Monte-Carlo,IA,ANO-0057,SIM-0110-S3,Casablanca Port,Acide phosphorique,Scénario optimal sélectionné,17350.0,174.1,1.0,ISO 9001,Automatique,Système IA
AH-0038,2025-01-22 18:08:46,Suspension route CO₂,Environnement,ANO-0185,SIM-0096-S3,Laayoune,Phosphate brut,−28% émissions route,43389.0,59.1,4.3,ISO 45001,Automatique,Système IA
AH-0039,2024-03-05 12:36:52,Rapport ISO auto-généré,Qualité,ANO-0126,SIM-0053-S3,Jorf Lasfar,TSP,Conformité ISO 9001 PDCA,7511.0,60.6,1.0,ISO 14001,Human-in-loop,Ahmed B.
AH-0040,2024-12-17 21:42:36,Rapport ISO auto-généré,Qualité,ANO-0001,SIM-0066-S3,Safi,Urée,Conformité ISO 9001 PDCA,31721.0,72.8,2.1,ISO 42001,Human-in-loop,Ahmed B.
AH-0041,2024-02-29 11:42:40,Alerte SST déclenchée,Sécurité,ANO-0160,SIM-0113-S3,Safi,Urée,"Incident évité, ISO 45001",38383.0,82.3,4.4,ISO 45001,Automatique,Fatima Z.
AH-0042,2024-12-28 19:01:50,Simulation Monte-Carlo,IA,ANO-0021,SIM-0085-S3,Youssoufia,DAP,Scénario optimal sélectionné,28832.0,68.3,0.7,ISO 9001,Automatique,Fatima Z.
AH-0043,2025-03-15 08:01:11,Réaffectation véhicule,Logistique,ANO-0124,SIM-0039-S3,Youssoufia,TSP,Livraison maintenue à temps,10741.0,156.2,4.2,ISO 45001,Automatique,Karim M.
AH-0044,2025-03-01 09:33:54,Rapport ISO auto-généré,Qualité,ANO-0040,SIM-0015-S3,Youssoufia,MAP,Conformité ISO 9001 PDCA,15265.0,116.5,4.3,ISO 45001,Automatique,Fatima Z.
AH-0045,2024-05-13 15:34:17,Alerte qualité bloquage,Qualité,ANO-0005,SIM-0052-S3,Casablanca Port,Acide phosphorique,"Lot retenu, non-conformité évitée",36086.0,117.5,0.9,ISO 9001,Automatique,Système IA
AH-0046,2024-05-31 21:35:30,Simulation Monte-Carlo,IA,ANO-0140,SIM-0071-S3,Khouribga,TSP,Scénario optimal sélectionné,20969.0,5.4,3.5,ISO 14001,Automatique,Fatima Z.
AH-0047,2024-08-11 07:23:32,Alerte qualité bloquage,Qualité,ANO-0129,SIM-0112-S3,Laayoune,TSP,"Lot retenu, non-conformité évitée",32636.0,97.4,1.7,ISO 42001,Automatique,Karim M.
AH-0048,2024-07-20 16:36:23,Rapport ISO auto-généré,Qualité,ANO-0199,SIM-0003-S3,Benguerir,MAP,Conformité ISO 9001 PDCA,36782.0,178.8,1.3,ISO 14001,Automatique,Fatima Z.
AH-0049,2024-06-01 07:04:17,Alerte SST déclenchée,Sécurité,ANO-0169,SIM-0096-S3,Benguerir,MAP,"Incident évité, ISO 45001",36136.0,37.6,4.4,ISO 9001,Automatique,Système IA
AH-0050,2025-02-14 00:37:51,Alerte SST déclenchée,Sécurité,ANO-0109,SIM-0001-S3,Laayoune,Phosphate brut,"Incident évité, ISO 45001",22451.0,22.6,3.8,ISO 42001,Automatique,Système IA
AH-0051,2024-05-06 17:26:31,Changement fournisseur,Appro.,ANO-0016,SIM-0090-S3,Youssoufia,MAP,Délai normalisé,26841.0,101.4,3.2,ISO 9001,Automatique,Fatima Z.
AH-0052,2024-01-11 06:11:02,Redistribution stock,Stock,ANO-0054,SIM-0039-S3,Safi,MAP,"−35% CO₂, −18% coût",10983.0,136.3,2.7,ISO 9001,Automatique,Karim M.
AH-0053,2024-11-18 07:03:31,Réaffectation véhicule,Logistique,ANO-0012,SIM-0100-S3,Casablanca Port,MAP,Livraison maintenue à temps,39831.0,137.6,4.5,ISO 14001,Automatique,Fatima Z.
AH-0054,2024-02-09 13:22:36,Alerte qualité bloquage,Qualité,ANO-0185,SIM-0065-S3,Benguerir,MAP,"Lot retenu, non-conformité évitée",26266.0,54.9,4.9,ISO 42001,Human-in-loop,Fatima Z.
AH-0055,2024-01-08 07:42:20,Suspension route CO₂,Environnement,ANO-0161,SIM-0016-S3,Khouribga,Phosphate brut,−28% émissions route,43128.0,64.6,2.0,ISO 14001,Automatique,Système IA
AH-0056,2024-05-09 07:11:03,Simulation Monte-Carlo,IA,ANO-0143,SIM-0068-S3,Casablanca Port,NPS,Scénario optimal sélectionné,23612.0,5.6,1.1,ISO 42001,Automatique,Système IA
AH-0057,2024-12-29 11:11:16,Changement fournisseur,Appro.,ANO-0029,SIM-0054-S3,Khouribga,Urée,Délai normalisé,1432.0,125.8,1.0,ISO 42001,Human-in-loop,Ahmed B.
AH-0058,2024-06-06 12:30:52,Commande anticipée,Stock,ANO-0174,SIM-0077-S3,Laayoune,Urée,"Rupture évitée, +8% service",11459.0,90.8,1.0,ISO 14001,Automatique,Ahmed B.
AH-0059,2024-12-13 12:18:09,Redistribution stock,Stock,ANO-0108,SIM-0072-S3,Laayoune,MAP,"−35% CO₂, −18% coût",40505.0,6.2,4.1,ISO 9001,Automatique,Système IA
AH-0060,2024-09-30 07:51:14,Suspension route CO₂,Environnement,ANO-0120,SIM-0111-S3,Jorf Lasfar,DAP,−28% émissions route,860.0,119.0,3.5,ISO 45001,Automatique,Ahmed B.
AH-0061,2024-11-03 00:12:21,Changement fournisseur,Appro.,ANO-0048,SIM-0021-S3,Laayoune,MAP,Délai normalisé,17703.0,11.7,5.0,ISO 42001,Automatique,Karim M.
AH-0062,2024-11-05 10:54:55,Alerte SST déclenchée,Sécurité,ANO-0171,SIM-0061-S3,Khouribga,Urée,"Incident évité, ISO 45001",36078.0,124.4,2.1,ISO 42001,Automatique,Système IA
AH-0063,2025-03-24 23:53:50,Changement fournisseur,Appro.,ANO-0094,SIM-0090-S3,Casablanca Port,TSP,Délai normalisé,4207.0,14.6,1.0,ISO 42001,Human-in-loop,Ahmed B.
AH-0064,2024-02-26 11:13:09,Rapport ISO auto-généré,Qualité,ANO-0002,SIM-0062-S3,Khouribga,Phosphate brut,Conformité ISO 9001 PDCA,9054.0,13.1,4.7,ISO 45001,Human-in-loop,Ahmed B.
AH-0065,2024-06-13 13:45:13,Alerte SST déclenchée,Sécurité,ANO-0180,SIM-0096-S3,Casablanca Port,MAP,"Incident évité, ISO 45001",27976.0,156.5,3.1,ISO 45001,Automatique,Fatima Z.
AH-0066,2024-02-21 05:33:14,Réaffectation véhicule,Logistique,ANO-0057,SIM-0004-S3,Khouribga,Acide phosphorique,Livraison maintenue à temps,41097.0,134.3,3.2,ISO 9001,Automatique,Fatima Z.
AH-0067,2024-02-06 09:21:38,Changement fournisseur,Appro.,ANO-0038,SIM-0013-S3,Benguerir,MAP,Délai normalisé,17092.0,130.9,3.9,ISO 42001,Automatique,Karim M.
AH-0068,2024-06-28 11:47:59,Changement fournisseur,Appro.,ANO-0171,SIM-0112-S3,Jorf Lasfar,Sulfate d'ammonium,Délai normalisé,10624.0,101.2,0.9,ISO 45001,Automatique,Système IA
AH-0069,2025-01-22 07:51:44,Alerte SST déclenchée,Sécurité,ANO-0108,SIM-0034-S3,Laayoune,TSP,"Incident évité, ISO 45001",22178.0,148.5,3.1,ISO 42001,Human-in-loop,Système IA
AH-0070,2025-01-01 23:16:03,Suspension route CO₂,Environnement,ANO-0064,SIM-0071-S3,Benguerir,Sulfate d'ammonium,−28% émissions route,33552.0,165.0,1.0,ISO 9001,Human-in-loop,Karim M.
AH-0071,2024-03-17 11:48:38,Suspension route CO₂,Environnement,ANO-0035,SIM-0030-S3,Jorf Lasfar,Sulfate d'ammonium,−28% émissions route,34475.0,92.1,0.9,ISO 45001,Automatique,Karim M.
AH-0072,2024-12-24 17:41:25,Redistribution stock,Stock,ANO-0042,SIM-0030-S3,Casablanca Port,Urée,"−35% CO₂, −18% coût",1045.0,56.7,1.8,ISO 45001,Automatique,Karim M.
AH-0073,2024-12-29 22:39:45,Simulation Monte-Carlo,IA,ANO-0037,SIM-0005-S3,Benguerir,MAP,Scénario optimal sélectionné,19981.0,9.8,1.4,ISO 42001,Automatique,Karim M.
AH-0074,2025-01-08 08:36:20,Alerte SST déclenchée,Sécurité,ANO-0137,SIM-0083-S3,Laayoune,Phosphate brut,"Incident évité, ISO 45001",21756.0,131.5,1.5,ISO 42001,Automatique,Ahmed B.
AH-0075,2024-01-13 09:15:00,Réaffectation véhicule,Logistique,ANO-0199,SIM-0024-S3,Safi,Acide phosphorique,Livraison maintenue à temps,36996.0,152.1,2.8,ISO 45001,Automatique,Ahmed B.
AH-0076,2024-02-08 16:32:08,Rapport ISO auto-généré,Qualité,ANO-0042,SIM-0073-S3,Youssoufia,Sulfate d'ammonium,Conformité ISO 9001 PDCA,11828.0,136.6,3.6,ISO 42001,Human-in-loop,Karim M.
AH-0077,2025-03-07 01:57:35,Commande anticipée,Stock,ANO-0133,SIM-0107-S3,Benguerir,DAP,"Rupture évitée, +8% service",20302.0,80.0,1.1,ISO 42001,Automatique,Karim M.
AH-0078,2024-04-21 16:56:24,Changement fournisseur,Appro.,ANO-0123,SIM-0009-S3,Laayoune,Phosphate brut,Délai normalisé,42450.0,41.4,3.0,ISO 42001,Automatique,Ahmed B.
AH-0079,2024-04-07 09:15:32,Suspension route CO₂,Environnement,ANO-0056,SIM-0115-S3,Jorf Lasfar,Urée,−28% émissions route,32547.0,151.3,3.2,ISO 42001,Human-in-loop,Système IA
AH-0080,2025-02-05 13:48:39,Alerte SST déclenchée,Sécurité,ANO-0134,SIM-0051-S3,Jorf Lasfar,Phosphate brut,"Incident évité, ISO 45001",8101.0,126.4,4.0,ISO 14001,Automatique,Fatima Z.
AH-0081,2025-02-11 15:28:16,Redistribution stock,Stock,ANO-0155,SIM-0099-S3,Youssoufia,NPS,"−35% CO₂, −18% coût",9161.0,78.2,0.9,ISO 45001,Automatique,Karim M.
AH-0082,2024-07-18 21:46:07,Rapport ISO auto-généré,Qualité,ANO-0199,SIM-0002-S3,Benguerir,Phosphate brut,Conformité ISO 9001 PDCA,30745.0,134.1,2.4,ISO 9001,Automatique,Système IA
AH-0083,2024-12-25 21:54:22,Alerte qualité bloquage,Qualité,ANO-0128,SIM-0091-S3,Benguerir,Sulfate d'ammonium,"Lot retenu, non-conformité évitée",11610.0,81.4,0.8,ISO 9001,Automatique,Système IA
AH-0084,2024-04-24 07:18:33,Alerte SST déclenchée,Sécurité,ANO-0047,SIM-0062-S3,Youssoufia,Urée,"Incident évité, ISO 45001",33781.0,27.8,3.8,ISO 14001,Automatique,Ahmed B.
AH-0085,2024-04-24 08:28:25,Commande anticipée,Stock,ANO-0124,SIM-0014-S3,Khouribga,MAP,"Rupture évitée, +8% service",37649.0,150.3,3.4,ISO 42001,Automatique,Système IA
AH-0086,2024-03-23 19:18:58,Simulation Monte-Carlo,IA,ANO-0109,SIM-0022-S3,Khouribga,Acide phosphorique,Scénario optimal sélectionné,7261.0,159.5,2.2,ISO 45001,Automatique,Système IA
AH-0087,2025-03-24 06:22:48,Rapport ISO auto-généré,Qualité,ANO-0142,SIM-0030-S3,Khouribga,Sulfate d'ammonium,Conformité ISO 9001 PDCA,8072.0,23.1,2.4,ISO 9001,Automatique,Ahmed B.
AH-0088,2024-01-23 23:33:35,Commande anticipée,Stock,ANO-0047,SIM-0096-S3,Safi,DAP,"Rupture évitée, +8% service",4485.0,176.4,1.7,ISO 42001,Automatique,Système IA
AH-0089,2024-11-24 00:17:46,Redistribution stock,Stock,ANO-0140,SIM-0004-S3,Laayoune,MAP,"−35% CO₂, −18% coût",20386.0,159.6,3.9,ISO 14001,Automatique,Système IA
AH-0090,2024-05-30 16:45:37,Rapport ISO auto-généré,Qualité,ANO-0115,SIM-0114-S3,Laayoune,DAP,Conformité ISO 9001 PDCA,39990.0,124.9,4.7,ISO 45001,Automatique,Ahmed B.
AH-0091,2024-11-16 23:53:21,Commande anticipée,Stock,ANO-0118,SIM-0024-S3,Benguerir,Acide phosphorique,"Rupture évitée, +8% service",17078.0,44.2,1.0,ISO 42001,Automatique,Fatima Z.
AH-0092,2024-12-02 12:00:56,Simulation Monte-Carlo,IA,ANO-0062,SIM-0118-S3,Jorf Lasfar,DAP,Scénario optimal sélectionné,24389.0,172.6,0.6,ISO 42001,Automatique,Fatima Z.
AH-0093,2024-02-17 06:36:59,Alerte SST déclenchée,Sécurité,ANO-0041,SIM-0113-S3,Benguerir,Sulfate d'ammonium,"Incident évité, ISO 45001",5071.0,110.6,3.8,ISO 14001,Automatique,Ahmed B.
AH-0094,2024-05-19 22:50:33,Simulation Monte-Carlo,IA,ANO-0139,SIM-0111-S3,Khouribga,TSP,Scénario optimal sélectionné,40287.0,25.6,2.2,ISO 45001,Automatique,Fatima Z.
AH-0095,2024-11-29 09:34:32,Alerte qualité bloquage,Qualité,ANO-0016,SIM-0017-S3,Laayoune,Urée,"Lot retenu, non-conformité évitée",32390.0,84.2,3.4,ISO 14001,Automatique,Ahmed B.
AH-0096,2024-08-23 21:47:45,Réaffectation véhicule,Logistique,ANO-0092,SIM-0027-S3,Jorf Lasfar,NPS,Livraison maintenue à temps,12062.0,136.1,3.1,ISO 9001,Automatique,Système IA
AH-0097,2025-02-28 04:37:49,Réaffectation véhicule,Logistique,ANO-0112,SIM-0039-S3,Laayoune,DAP,Livraison maintenue à temps,18958.0,91.7,2.1,ISO 42001,Human-in-loop,Système IA
AH-0098,2024-02-04 15:18:29,Commande anticipée,Stock,ANO-0140,SIM-0002-S3,Casablanca Port,MAP,"Rupture évitée, +8% service",25514.0,152.4,1.3,ISO 9001,Automatique,Système IA
AH-0099,2024-08-20 11:13:38,Suspension route CO₂,Environnement,ANO-0061,SIM-0080-S3,Khouribga,Acide phosphorique,−28% émissions route,11805.0,105.2,0.7,ISO 14001,Automatique,Ahmed B.
AH-0100,2024-05-29 11:07:38,Suspension route CO₂,Environnement,ANO-0064,SIM-0027-S3,Youssoufia,DAP,−28% émissions route,43092.0,47.8,0.8,ISO 14001,Automatique,Fatima Z.
AH-0101,2024-02-16 02:54:55,Suspension route CO₂,Environnement,ANO-0030,SIM-0080-S3,Casablanca Port,Phosphate brut,−28% émissions route,44521.0,54.6,4.1,ISO 9001,Automatique,Karim M.
AH-0102,2025-01-26 16:42:53,Alerte qualité bloquage,Qualité,ANO-0142,SIM-0104-S3,Jorf Lasfar,Acide phosphorique,"Lot retenu, non-conformité évitée",31342.0,41.4,1.4,ISO 14001,Automatique,Ahmed B.
AH-0103,2024-07-10 07:10:27,Alerte SST déclenchée,Sécurité,ANO-0101,SIM-0118-S3,Youssoufia,Urée,"Incident évité, ISO 45001",6125.0,147.1,0.6,ISO 14001,Automatique,Fatima Z.
AH-0104,2024-03-11 06:24:21,Alerte SST déclenchée,Sécurité,ANO-0042,SIM-0113-S3,Jorf Lasfar,DAP,"Incident évité, ISO 45001",20106.0,63.3,3.2,ISO 45001,Human-in-loop,Système IA
AH-0105,2024-04-14 00:01:35,Alerte qualité bloquage,Qualité,ANO-0015,SIM-0016-S3,Youssoufia,Phosphate brut,"Lot retenu, non-conformité évitée",43521.0,75.3,0.8,ISO 42001,Automatique,Fatima Z.
AH-0106,2024-05-04 07:36:22,Alerte SST déclenchée,Sécurité,ANO-0017,SIM-0117-S3,Khouribga,Urée,"Incident évité, ISO 45001",8365.0,140.6,1.7,ISO 9001,Automatique,Karim M.
AH-0107,2024-03-16 22:55:02,Suspension route CO₂,Environnement,ANO-0151,SIM-0017-S3,Youssoufia,Urée,−28% émissions route,20196.0,128.0,0.9,ISO 45001,Automatique,Karim M.
AH-0108,2024-11-24 23:35:06,Commande anticipée,Stock,ANO-0071,SIM-0061-S3,Benguerir,TSP,"Rupture évitée, +8% service",30117.0,94.0,4.6,ISO 45001,Automatique,Ahmed B.
AH-0109,2024-11-26 16:03:36,Redistribution stock,Stock,ANO-0031,SIM-0058-S3,Laayoune,Phosphate brut,"−35% CO₂, −18% coût",1385.0,104.9,1.2,ISO 45001,Automatique,Ahmed B.
AH-0110,2024-02-17 10:41:46,Alerte SST déclenchée,Sécurité,ANO-0049,SIM-0022-S3,Casablanca Port,MAP,"Incident évité, ISO 45001",3013.0,125.9,4.4,ISO 45001,Automatique,Système IA
AH-0111,2024-06-12 00:30:58,Alerte SST déclenchée,Sécurité,ANO-0185,SIM-0099-S3,Youssoufia,MAP,"Incident évité, ISO 45001",26269.0,23.4,1.6,ISO 9001,Automatique,Karim M.
AH-0112,2024-12-24 01:34:43,Simulation Monte-Carlo,IA,ANO-0164,SIM-0018-S3,Benguerir,NPS,Scénario optimal sélectionné,27325.0,27.2,3.6,ISO 45001,Human-in-loop,Ahmed B.
AH-0113,2025-01-24 16:42:30,Reroutage automatique,Logistique,ANO-0140,SIM-0031-S3,Casablanca Port,Acide phosphorique,"Délai respecté, −12 kg CO₂",28347.0,123.2,3.7,ISO 9001,Automatique,Système IA
AH-0114,2025-02-25 13:14:57,Alerte SST déclenchée,Sécurité,ANO-0124,SIM-0064-S3,Khouribga,Urée,"Incident évité, ISO 45001",22273.0,71.9,3.1,ISO 14001,Human-in-loop,Ahmed B.
AH-0115,2025-03-09 13:24:58,Alerte qualité bloquage,Qualité,ANO-0111,SIM-0046-S3,Khouribga,Sulfate d'ammonium,"Lot retenu, non-conformité évitée",39293.0,170.0,1.2,ISO 42001,Automatique,Fatima Z.
AH-0116,2024-08-01 13:11:57,Rapport ISO auto-généré,Qualité,ANO-0015,SIM-0114-S3,Jorf Lasfar,Sulfate d'ammonium,Conformité ISO 9001 PDCA,28717.0,142.5,2.1,ISO 14001,Human-in-loop,Système IA
AH-0117,2024-09-06 01:08:39,Commande anticipée,Stock,ANO-0180,SIM-0056-S3,Casablanca Port,NPS,"Rupture évitée, +8% service",6247.0,143.0,0.6,ISO 45001,Automatique,Ahmed B.
AH-0118,2024-05-10 16:59:57,Alerte qualité bloquage,Qualité,ANO-0093,SIM-0040-S3,Youssoufia,Sulfate d'ammonium,"Lot retenu, non-conformité évitée",33223.0,19.0,3.1,ISO 14001,Automatique,Ahmed B.
AH-0119,2024-09-29 03:14:27,Commande anticipée,Stock,ANO-0003,SIM-0097-S3,Khouribga,TSP,"Rupture évitée, +8% service",16000.0,144.3,4.7,ISO 42001,Automatique,Fatima Z.
AH-0120,2024-05-13 16:14:19,Simulation Monte-Carlo,IA,ANO-0142,SIM-0053-S3,Youssoufia,Acide phosphorique,Scénario optimal sélectionné,39660.0,118.1,0.9,ISO 14001,Automatique,Ahmed B.
AH-0121,2024-03-08 17:19:49,Alerte SST déclenchée,Sécurité,ANO-0074,SIM-0073-S3,Jorf Lasfar,TSP,"Incident évité, ISO 45001",26812.0,142.9,3.2,ISO 42001,Automatique,Karim M.
AH-0122,2024-04-14 09:00:13,Redistribution stock,Stock,ANO-0105,SIM-0052-S3,Khouribga,Acide phosphorique,"−35% CO₂, −18% coût",41352.0,161.1,4.2,ISO 9001,Human-in-loop,Fatima Z.
AH-0123,2024-05-30 20:14:57,Rapport ISO auto-généré,Qualité,ANO-0048,SIM-0009-S3,Safi,Acide phosphorique,Conformité ISO 9001 PDCA,29186.0,8.3,1.5,ISO 9001,Automatique,Système IA
AH-0124,2024-06-19 13:45:10,Alerte qualité bloquage,Qualité,ANO-0063,SIM-0048-S3,Laayoune,Phosphate brut,"Lot retenu, non-conformité évitée",24336.0,36.1,1.2,ISO 42001,Automatique,Système IA
AH-0125,2024-10-23 22:59:21,Changement fournisseur,Appro.,ANO-0002,SIM-0089-S3,Khouribga,Urée,Délai normalisé,43436.0,168.1,1.1,ISO 42001,Automatique,Fatima Z.
AH-0126,2024-08-06 05:58:11,Rapport ISO auto-généré,Qualité,ANO-0103,SIM-0015-S3,Casablanca Port,Urée,Conformité ISO 9001 PDCA,37427.0,14.6,4.9,ISO 14001,Automatique,Ahmed B.
AH-0127,2024-10-01 22:49:31,Réaffectation véhicule,Logistique,ANO-0003,SIM-0002-S3,Jorf Lasfar,Sulfate d'ammonium,Livraison maintenue à temps,10426.0,35.4,1.7,ISO 9001,Automatique,Karim M.
AH-0128,2024-06-22 03:44:32,Commande anticipée,Stock,ANO-0173,SIM-0015-S3,Youssoufia,Phosphate brut,"Rupture évitée, +8% service",35435.0,25.1,3.4,ISO 45001,Automatique,Système IA
AH-0129,2024-08-20 18:15:32,Rapport ISO auto-généré,Qualité,ANO-0036,SIM-0026-S3,Casablanca Port,MAP,Conformité ISO 9001 PDCA,17631.0,53.3,4.2,ISO 9001,Human-in-loop,Ahmed B.
AH-0130,2024-05-18 18:46:58,Simulation Monte-Carlo,IA,ANO-0119,SIM-0061-S3,Casablanca Port,Urée,Scénario optimal sélectionné,23646.0,88.4,2.4,ISO 9001,Automatique,Ahmed B.
AH-0131,2024-08-15 01:11:34,Alerte SST déclenchée,Sécurité,ANO-0047,SIM-0080-S3,Khouribga,Acide phosphorique,"Incident évité, ISO 45001",39624.0,146.5,2.6,ISO 45001,Automatique,Système IA
AH-0132,2024-01-16 08:35:31,Simulation Monte-Carlo,IA,ANO-0023,SIM-0107-S3,Laayoune,NPS,Scénario optimal sélectionné,27964.0,103.8,1.3,ISO 14001,Automatique,Ahmed B.
AH-0133,2025-03-11 05:54:11,Alerte SST déclenchée,Sécurité,ANO-0057,SIM-0057-S3,Benguerir,Acide phosphorique,"Incident évité, ISO 45001",34763.0,18.6,2.7,ISO 14001,Automatique,Karim M.
AH-0134,2024-06-01 12:36:49,Suspension route CO₂,Environnement,ANO-0129,SIM-0106-S3,Safi,Acide phosphorique,−28% émissions route,20299.0,138.1,0.5,ISO 45001,Human-in-loop,Système IA
AH-0135,2024-06-24 01:39:28,Suspension route CO₂,Environnement,ANO-0097,SIM-0108-S3,Laayoune,TSP,−28% émissions route,18927.0,104.4,1.8,ISO 42001,Automatique,Système IA
AH-0136,2024-07-25 18:42:29,Rapport ISO auto-généré,Qualité,ANO-0017,SIM-0084-S3,Khouribga,DAP,Conformité ISO 9001 PDCA,26884.0,44.7,4.4,ISO 45001,Automatique,Fatima Z.
AH-0137,2024-03-11 23:15:53,Commande anticipée,Stock,ANO-0101,SIM-0093-S3,Benguerir,Phosphate brut,"Rupture évitée, +8% service",14594.0,108.2,0.6,ISO 9001,Automatique,Ahmed B.
AH-0138,2025-02-18 11:35:38,Simulation Monte-Carlo,IA,ANO-0020,SIM-0034-S3,Casablanca Port,Urée,Scénario optimal sélectionné,2436.0,90.5,3.4,ISO 42001,Automatique,Fatima Z.
AH-0139,2024-12-19 21:11:56,Changement fournisseur,Appro.,ANO-0130,SIM-0117-S3,Jorf Lasfar,Acide phosphorique,Délai normalisé,12556.0,85.0,2.3,ISO 42001,Automatique,Karim M.
AH-0140,2024-11-18 20:02:59,Suspension route CO₂,Environnement,ANO-0066,SIM-0115-S3,Safi,NPS,−28% émissions route,6086.0,158.4,3.9,ISO 42001,Automatique,Système IA
AH-0141,2024-08-18 15:15:45,Suspension route CO₂,Environnement,ANO-0178,SIM-0012-S3,Jorf Lasfar,Sulfate d'ammonium,−28% émissions route,36778.0,135.6,3.1,ISO 9001,Automatique,Karim M.
AH-0142,2025-03-24 01:32:12,Commande anticipée,Stock,ANO-0029,SIM-0002-S3,Laayoune,Acide phosphorique,"Rupture évitée, +8% service",15187.0,127.1,3.4,ISO 42001,Automatique,Ahmed B.
AH-0143,2024-11-15 22:19:29,Suspension route CO₂,Environnement,ANO-0193,SIM-0113-S3,Safi,DAP,−28% émissions route,15318.0,11.4,3.7,ISO 42001,Automatique,Karim M.
AH-0144,2025-01-30 12:06:08,Alerte qualité bloquage,Qualité,ANO-0063,SIM-0028-S3,Khouribga,Urée,"Lot retenu, non-conformité évitée",21841.0,82.0,1.4,ISO 42001,Automatique,Système IA
AH-0145,2024-04-15 08:30:00,Réaffectation véhicule,Logistique,ANO-0047,SIM-0095-S3,Youssoufia,Urée,Livraison maintenue à temps,18582.0,155.1,4.6,ISO 45001,Automatique,Système IA
AH-0146,2025-02-01 14:31:17,Redistribution stock,Stock,ANO-0116,SIM-0066-S3,Casablanca Port,Urée,"−35% CO₂, −18% coût",14944.0,92.9,2.0,ISO 9001,Automatique,Ahmed B.
AH-0147,2024-11-18 02:45:19,Alerte qualité bloquage,Qualité,ANO-0053,SIM-0039-S3,Casablanca Port,TSP,"Lot retenu, non-conformité évitée",31398.0,126.4,4.4,ISO 42001,Human-in-loop,Système IA
AH-0148,2024-09-07 14:41:05,Suspension route CO₂,Environnement,ANO-0006,SIM-0109-S3,Casablanca Port,Acide phosphorique,−28% émissions route,25781.0,29.3,1.0,ISO 42001,Automatique,Système IA
AH-0149,2024-03-01 09:21:20,Rapport ISO auto-généré,Qualité,ANO-0140,SIM-0111-S3,Safi,NPS,Conformité ISO 9001 PDCA,1532.0,73.4,1.3,ISO 9001,Automatique,Karim M.
AH-0150,2025-03-24 20:28:19,Commande anticipée,Stock,ANO-0174,SIM-0115-S3,Khouribga,NPS,"Rupture évitée, +8% service",8786.0,146.7,3.1,ISO 9001,Automatique,Système IA
AH-0151,2024-05-04 01:44:12,Réaffectation véhicule,Logistique,ANO-0126,SIM-0016-S3,Jorf Lasfar,TSP,Livraison maintenue à temps,18957.0,61.5,4.5,ISO 14001,Automatique,Ahmed B.
AH-0152,2024-03-11 05:52:05,Simulation Monte-Carlo,IA,ANO-0118,SIM-0095-S3,Khouribga,Urée,Scénario optimal sélectionné,37042.0,58.9,1.7,ISO 42001,Automatique,Ahmed B.
AH-0153,2024-06-09 04:43:10,Redistribution stock,Stock,ANO-0184,SIM-0090-S3,Jorf Lasfar,Phosphate brut,"−35% CO₂, −18% coût",43767.0,20.2,4.0,ISO 45001,Automatique,Système IA
AH-0154,2024-03-28 17:37:43,Redistribution stock,Stock,ANO-0073,SIM-0046-S3,Laayoune,Urée,"−35% CO₂, −18% coût",20344.0,178.9,3.2,ISO 9001,Automatique,Système IA
AH-0155,2024-05-27 11:04:39,Simulation Monte-Carlo,IA,ANO-0001,SIM-0048-S3,Benguerir,TSP,Scénario optimal sélectionné,43145.0,52.5,3.0,ISO 45001,Automatique,Ahmed B.
AH-0156,2024-04-23 22:39:01,Redistribution stock,Stock,ANO-0178,SIM-0087-S3,Laayoune,MAP,"−35% CO₂, −18% coût",21073.0,99.3,2.4,ISO 9001,Automatique,Karim M.
AH-0157,2024-06-21 06:32:23,Alerte SST déclenchée,Sécurité,ANO-0174,SIM-0015-S3,Benguerir,DAP,"Incident évité, ISO 45001",4812.0,118.8,1.6,ISO 14001,Human-in-loop,Système IA
AH-0158,2024-09-12 04:56:36,Reroutage automatique,Logistique,ANO-0001,SIM-0026-S3,Safi,DAP,"Délai respecté, −12 kg CO₂",5327.0,14.5,3.2,ISO 14001,Automatique,Fatima Z.
AH-0159,2024-12-12 15:00:40,Redistribution stock,Stock,ANO-0013,SIM-0027-S3,Khouribga,DAP,"−35% CO₂, −18% coût",23388.0,162.2,4.8,ISO 9001,Automatique,Karim M.
AH-0160,2025-02-14 15:32:08,Commande anticipée,Stock,ANO-0043,SIM-0077-S3,Safi,TSP,"Rupture évitée, +8% service",29377.0,139.8,4.2,ISO 45001,Automatique,Système IA
AH-0161,2024-12-21 11:05:20,Redistribution stock,Stock,ANO-0038,SIM-0067-S3,Jorf Lasfar,Sulfate d'ammonium,"−35% CO₂, −18% coût",42823.0,37.2,3.4,ISO 45001,Automatique,Karim M.
AH-0162,2024-01-02 16:40:47,Réaffectation véhicule,Logistique,ANO-0109,SIM-0120-S3,Jorf Lasfar,MAP,Livraison maintenue à temps,32422.0,159.8,2.2,ISO 9001,Automatique,Karim M.
AH-0163,2024-10-31 09:47:24,Rapport ISO auto-généré,Qualité,ANO-0034,SIM-0002-S3,Jorf Lasfar,DAP,Conformité ISO 9001 PDCA,23961.0,152.1,1.6,ISO 9001,Automatique,Ahmed B.
AH-0164,2024-05-31 03:56:55,Rapport ISO auto-généré,Qualité,ANO-0173,SIM-0116-S3,Benguerir,Acide phosphorique,Conformité ISO 9001 PDCA,12266.0,62.1,3.2,ISO 14001,Automatique,Fatima Z.
AH-0165,2025-01-11 08:43:19,Réaffectation véhicule,Logistique,ANO-0002,SIM-0011-S3,Youssoufia,DAP,Livraison maintenue à temps,33163.0,56.7,3.5,ISO 14001,Automatique,Fatima Z.
AH-0166,2024-11-12 18:21:01,Changement fournisseur,Appro.,ANO-0153,SIM-0003-S3,Jorf Lasfar,MAP,Délai normalisé,42258.0,32.3,1.5,ISO 45001,Automatique,Ahmed B.
AH-0167,2024-07-25 19:26:54,Réaffectation véhicule,Logistique,ANO-0146,SIM-0058-S3,Safi,DAP,Livraison maintenue à temps,11397.0,70.9,3.9,ISO 9001,Automatique,Fatima Z.
AH-0168,2024-10-18 14:34:17,Changement fournisseur,Appro.,ANO-0082,SIM-0018-S3,Laayoune,Acide phosphorique,Délai normalisé,2083.0,67.1,3.6,ISO 42001,Automatique,Système IA
AH-0169,2024-12-07 11:01:31,Réaffectation véhicule,Logistique,ANO-0095,SIM-0100-S3,Benguerir,DAP,Livraison maintenue à temps,43696.0,157.9,4.2,ISO 45001,Human-in-loop,Système IA
AH-0170,2024-04-24 01:51:32,Réaffectation véhicule,Logistique,ANO-0031,SIM-0046-S3,Laayoune,NPS,Livraison maintenue à temps,44914.0,48.5,2.2,ISO 42001,Automatique,Ahmed B.
AH-0171,2024-06-28 06:49:00,Commande anticipée,Stock,ANO-0110,SIM-0005-S3,Safi,Urée,"Rupture évitée, +8% service",36345.0,110.8,3.3,ISO 42001,Automatique,Système IA
AH-0172,2024-10-16 14:06:53,Commande anticipée,Stock,ANO-0149,SIM-0040-S3,Jorf Lasfar,NPS,"Rupture évitée, +8% service",43557.0,154.7,3.5,ISO 14001,Automatique,Système IA
AH-0173,2024-05-24 11:12:10,Alerte SST déclenchée,Sécurité,ANO-0155,SIM-0068-S3,Safi,TSP,"Incident évité, ISO 45001",7627.0,76.9,3.3,ISO 9001,Automatique,Karim M.
AH-0174,2024-12-18 09:40:20,Reroutage automatique,Logistique,ANO-0146,SIM-0075-S3,Safi,TSP,"Délai respecté, −12 kg CO₂",8674.0,65.3,3.2,ISO 14001,Automatique,Système IA
AH-0175,2024-07-11 14:05:31,Réaffectation véhicule,Logistique,ANO-0056,SIM-0042-S3,Laayoune,NPS,Livraison maintenue à temps,38959.0,75.0,2.8,ISO 42001,Automatique,Ahmed B.
AH-0176,2024-12-02 23:08:47,Suspension route CO₂,Environnement,ANO-0004,SIM-0039-S3,Khouribga,Phosphate brut,−28% émissions route,11615.0,35.2,2.9,ISO 45001,Human-in-loop,Ahmed B.
AH-0177,2024-09-11 06:37:50,Reroutage automatique,Logistique,ANO-0052,SIM-0078-S3,Jorf Lasfar,Phosphate brut,"Délai respecté, −12 kg CO₂",43927.0,109.9,1.2,ISO 14001,Automatique,Système IA
AH-0178,2024-02-21 15:37:20,Redistribution stock,Stock,ANO-0075,SIM-0039-S3,Khouribga,NPS,"−35% CO₂, −18% coût",41862.0,30.7,3.3,ISO 9001,Human-in-loop,Fatima Z.
AH-0179,2024-01-27 05:15:07,Changement fournisseur,Appro.,ANO-0073,SIM-0094-S3,Jorf Lasfar,MAP,Délai normalisé,9954.0,25.7,1.4,ISO 42001,Automatique,Système IA
AH-0180,2024-04-12 20:01:35,Simulation Monte-Carlo,IA,ANO-0009,SIM-0076-S3,Jorf Lasfar,Urée,Scénario optimal sélectionné,29070.0,150.7,2.2,ISO 14001,Automatique,Ahmed B.
