sim_id,evenement_id,anomalie_id,date_simulation,site,scenario,delta_delai_h,delta_cout_pct,delta_co2_pct,score_perf,score_co2,score_global,selectionne,alpha,beta,gamma
SIM-0001-S1,1,ANO-0067,2024-10-27 16:08,Casablanca Port,S1 — Attendre,4.83,4.8,26.1,0.1955,-0.2607,0.2255,False,0.4,0.35,0.25
SIM-0001-S2,1,ANO-0067,2024-10-27 16:08,Casablanca Port,S2 — Fournisseur alternatif,-0.47,15.6,3.0,1.0788,-0.03,0.6374,False,0.4,0.35,0.25
SIM-0001-S3,1,ANO-0067,2024-10-27 16:08,Casablanca Port,S3 — Redistribution stock,-0.13,-16.8,-34.6,1.021,0.3464,0.8301,True,0.4,0.35,0.25
SIM-0002-S1,2,ANO-0180,2024-04-14 11:07,Benguerir,S1 — Attendre,2.99,0.4,12.6,0.5021,-0.1258,0.4059,False,0.4,0.35,0.25
SIM-0002-S2,2,ANO-0180,2024-04-14 11:07,Benguerir,S2 — Fournisseur alternatif,0.96,21.8,-4.9,0.8397,0.0485,0.5582,False,0.4,0.35,0.25
SIM-0002-S3,2,ANO-0180,2024-04-14 11:07,Benguerir,S3 — Redistribution stock,-1.05,-16.9,-27.9,1.1748,0.2789,0.8682,True,0.4,0.35,0.25
SIM-0003-S1,3,ANO-0090,2024-06-25 22:57,Casablanca Port,S1 — Attendre,4.87,1.4,21.1,0.1883,-0.2108,0.248,False,0.4,0.35,0.25
SIM-0003-S2,3,ANO-0090,2024-06-25 22:57,Casablanca Port,S2 — Fournisseur alternatif,0.97,17.0,-3.5,0.8383,0.0351,0.5613,False,0.4,0.35,0.25
SIM-0003-S3,3,ANO-0090,2024-06-25 22:57,Casablanca Port,S3 — Redistribution stock,-1.89,-13.8,-32.5,1.3156,0.3254,0.9302,True,0.4,0.35,0.25
SIM-0004-S1,4,ANO-0044,2024-12-04 19:03,Khouribga,S1 — Attendre,2.09,-0.5,23.0,0.6519,-0.2301,0.4315,False,0.4,0.35,0.25
SIM-0004-S2,4,ANO-0044,2024-12-04 19:03,Khouribga,S2 — Fournisseur alternatif,0.79,17.1,-0.9,0.8681,0.0087,0.5637,False,0.4,0.35,0.25
SIM-0004-S3,4,ANO-0044,2024-12-04 19:03,Khouribga,S3 — Redistribution stock,-1.87,-16.5,-25.7,1.3121,0.2568,0.9139,True,0.4,0.35,0.25
SIM-0005-S1,5,ANO-0065,2024-08-02 10:41,Jorf Lasfar,S1 — Attendre,5.79,2.3,24.3,0.0351,-0.2427,0.1735,False,0.4,0.35,0.25
SIM-0005-S2,5,ANO-0065,2024-08-02 10:41,Jorf Lasfar,S2 — Fournisseur alternatif,-0.02,20.6,3.9,1.0031,-0.0385,0.5951,False,0.4,0.35,0.25
SIM-0005-S3,5,ANO-0065,2024-08-02 10:41,Jorf Lasfar,S3 — Redistribution stock,-0.03,-17.8,-33.2,1.0046,0.3322,0.8224,True,0.4,0.35,0.25
SIM-0006-S1,6,ANO-0173,2025-02-22 04:25,Casablanca Port,S1 — Attendre,3.22,-2.7,26.0,0.4636,-0.2597,0.3514,False,0.4,0.35,0.25
SIM-0006-S2,6,ANO-0173,2025-02-22 04:25,Casablanca Port,S2 — Fournisseur alternatif,0.02,16.1,0.3,0.9973,-0.0033,0.6131,False,0.4,0.35,0.25
SIM-0006-S3,6,ANO-0173,2025-02-22 04:25,Casablanca Port,S3 — Redistribution stock,-0.04,-14.1,-27.1,1.0066,0.2706,0.7885,True,0.4,0.35,0.25
SIM-0007-S1,7,ANO-0194,2024-02-11 03:26,Casablanca Port,S1 — Attendre,3.43,-3.8,29.5,0.4278,-0.2955,0.3276,False,0.4,0.35,0.25
SIM-0007-S2,7,ANO-0194,2024-02-11 03:26,Casablanca Port,S2 — Fournisseur alternatif,0.23,17.9,-0.4,0.962,0.0039,0.5982,False,0.4,0.35,0.25
SIM-0007-S3,7,ANO-0194,2024-02-11 03:26,Casablanca Port,S3 — Redistribution stock,-0.53,-17.5,-31.0,1.0891,0.3098,0.8472,True,0.4,0.35,0.25
SIM-0008-S1,8,ANO-0047,2024-05-19 07:09,Laayoune,S1 — Attendre,2.12,4.3,24.6,0.647,-0.2457,0.4125,False,0.4,0.35,0.25
SIM-0008-S2,8,ANO-0047,2024-05-19 07:09,Laayoune,S2 — Fournisseur alternatif,-0.34,11.4,-6.9,1.0561,0.0693,0.6711,False,0.4,0.35,0.25
SIM-0008-S3,8,ANO-0047,2024-05-19 07:09,Laayoune,S3 — Redistribution stock,-0.6,-13.1,-27.9,1.0997,0.2793,0.8255,True,0.4,0.35,0.25
SIM-0009-S1,9,ANO-0122,2024-10-23 03:46,Casablanca Port,S1 — Attendre,2.55,-1.6,11.9,0.5743,-0.1192,0.442,False,0.4,0.35,0.25
SIM-0009-S2,9,ANO-0122,2024-10-23 03:46,Casablanca Port,S2 — Fournisseur alternatif,-0.29,20.6,2.6,1.0483,-0.0258,0.6176,False,0.4,0.35,0.25
SIM-0009-S3,9,ANO-0122,2024-10-23 03:46,Casablanca Port,S3 — Redistribution stock,-1.0,-18.2,-34.0,1.1668,0.3398,0.8911,True,0.4,0.35,0.25
SIM-0010-S1,10,ANO-0166,2024-06-25 00:52,Benguerir,S1 — Attendre,4.53,-1.6,25.0,0.2447,-0.2504,0.2643,False,0.4,0.35,0.25
SIM-0010-S2,10,ANO-0166,2024-06-25 00:52,Benguerir,S2 — Fournisseur alternatif,0.05,10.3,-2.9,0.992,0.0288,0.6335,False,0.4,0.35,0.25
SIM-0010-S3,10,ANO-0166,2024-06-25 00:52,Benguerir,S3 — Redistribution stock,-0.04,-19.4,-34.4,1.006,0.344,0.833,True,0.4,0.35,0.25
SIM-0011-S1,11,ANO-0136,2024-05-10 21:18,Khouribga,S1 — Attendre,2.05,-1.7,16.1,0.6583,-0.1613,0.4613,False,0.4,0.35,0.25
SIM-0011-S2,11,ANO-0136,2024-05-10 21:18,Khouribga,S2 — Fournisseur alternatif,0.6,18.5,-7.5,0.9,0.075,0.5972,False,0.4,0.35,0.25
SIM-0011-S3,11,ANO-0136,2024-05-10 21:18,Khouribga,S3 — Redistribution stock,-1.86,-18.3,-30.5,1.3102,0.3045,0.9366,True,0.4,0.35,0.25
SIM-0012-S1,12,ANO-0138,2025-01-21 23:08,Youssoufia,S1 — Attendre,2.87,-1.5,27.4,0.5211,-0.2744,0.3663,False,0.4,0.35,0.25
SIM-0012-S2,12,ANO-0138,2025-01-21 23:08,Youssoufia,S2 — Fournisseur alternatif,0.83,19.0,-3.5,0.8625,0.0352,0.5674,False,0.4,0.35,0.25
SIM-0012-S3,12,ANO-0138,2025-01-21 23:08,Youssoufia,S3 — Redistribution stock,-0.22,-12.9,-26.8,1.0362,0.268,0.7954,True,0.4,0.35,0.25
SIM-0013-S1,13,ANO-0039,2024-05-17 20:41,Jorf Lasfar,S1 — Attendre,5.26,-0.5,22.4,0.1238,-0.2244,0.2223,False,0.4,0.35,0.25
SIM-0013-S2,13,ANO-0039,2024-05-17 20:41,Jorf Lasfar,S2 — Fournisseur alternatif,0.87,23.3,0.9,0.8549,-0.0087,0.5416,False,0.4,0.35,0.25
SIM-0013-S3,13,ANO-0039,2024-05-17 20:41,Jorf Lasfar,S3 — Redistribution stock,-1.76,-10.7,-26.0,1.2932,0.2597,0.888,True,0.4,0.35,0.25
SIM-0014-S1,14,ANO-0175,2024-03-24 17:04,Benguerir,S1 — Attendre,2.72,0.2,28.0,0.5464,-0.28,0.3701,False,0.4,0.35,0.25
SIM-0014-S2,14,ANO-0175,2024-03-24 17:04,Benguerir,S2 — Fournisseur alternatif,-0.0,19.1,4.9,1.0008,-0.0495,0.593,False,0.4,0.35,0.25
SIM-0014-S3,14,ANO-0175,2024-03-24 17:04,Benguerir,S3 — Redistribution stock,-0.16,-10.6,-26.1,1.0267,0.2607,0.7816,True,0.4,0.35,0.25
SIM-0015-S1,15,ANO-0100,2025-03-01 15:05,Laayoune,S1 — Attendre,5.14,4.4,23.4,0.144,-0.2337,0.2151,False,0.4,0.35,0.25
SIM-0015-S2,15,ANO-0100,2025-03-01 15:05,Laayoune,S2 — Fournisseur alternatif,-0.87,13.7,-12.2,1.1448,0.1217,0.7204,False,0.4,0.35,0.25
SIM-0015-S3,15,ANO-0100,2025-03-01 15:05,Laayoune,S3 — Redistribution stock,-0.08,-15.1,-28.1,1.0132,0.2809,0.798,True,0.4,0.35,0.25
SIM-0016-S1,16,ANO-0016,2024-02-02 07:18,Benguerir,S1 — Attendre,5.67,4.2,26.2,0.0556,-0.2622,0.1704,False,0.4,0.35,0.25
SIM-0016-S2,16,ANO-0016,2024-02-02 07:18,Benguerir,S2 — Fournisseur alternatif,0.82,20.6,1.8,0.8634,-0.0178,0.5464,False,0.4,0.35,0.25
SIM-0016-S3,16,ANO-0016,2024-02-02 07:18,Benguerir,S3 — Redistribution stock,-1.8,-14.8,-30.0,1.3004,0.3005,0.9188,True,0.4,0.35,0.25
SIM-0017-S1,17,ANO-0145,2024-09-05 23:32,Jorf Lasfar,S1 — Attendre,4.3,0.3,17.9,0.2833,-0.1788,0.2999,False,0.4,0.35,0.25
SIM-0017-S2,17,ANO-0145,2024-09-05 23:32,Jorf Lasfar,S2 — Fournisseur alternatif,0.09,13.0,-8.6,0.9845,0.0859,0.6451,False,0.4,0.35,0.25
SIM-0017-S3,17,ANO-0145,2024-09-05 23:32,Jorf Lasfar,S3 — Redistribution stock,-1.1,-18.0,-25.8,1.184,0.2584,0.869,True,0.4,0.35,0.25
SIM-0018-S1,18,ANO-0112,2024-11-27 03:09,Safi,S1 — Attendre,3.51,-0.1,19.8,0.4153,-0.1982,0.347,False,0.4,0.35,0.25
SIM-0018-S2,18,ANO-0112,2024-11-27 03:09,Safi,S2 — Fournisseur alternatif,-0.36,17.3,-7.2,1.0595,0.0722,0.6623,False,0.4,0.35,0.25
SIM-0018-S3,18,ANO-0112,2024-11-27 03:09,Safi,S3 — Redistribution stock,-1.0,-12.1,-35.7,1.1675,0.3569,0.8764,True,0.4,0.35,0.25
SIM-0019-S1,19,ANO-0011,2024-02-12 19:25,Jorf Lasfar,S1 — Attendre,2.75,-4.1,27.8,0.5413,-0.2784,0.3798,False,0.4,0.35,0.25
SIM-0019-S2,19,ANO-0011,2024-02-12 19:25,Jorf Lasfar,S2 — Fournisseur alternatif,0.5,18.6,-11.5,0.9174,0.1153,0.6182,False,0.4,0.35,0.25
SIM-0019-S3,19,ANO-0011,2024-02-12 19:25,Jorf Lasfar,S3 — Redistribution stock,-1.37,-19.5,-39.6,1.2288,0.3958,0.9407,True,0.4,0.35,0.25
SIM-0020-S1,20,ANO-0049,2024-08-23 07:19,Safi,S1 — Attendre,3.41,0.4,26.5,0.4322,-0.2647,0.3293,False,0.4,0.35,0.25
SIM-0020-S2,20,ANO-0049,2024-08-23 07:19,Safi,S2 — Fournisseur alternatif,0.37,16.5,-4.8,0.9386,0.0483,0.6069,False,0.4,0.35,0.25
SIM-0020-S3,20,ANO-0049,2024-08-23 07:19,Safi,S3 — Redistribution stock,-0.3,-14.9,-29.8,1.0503,0.2978,0.8182,True,0.4,0.35,0.25
SIM-0021-S1,21,ANO-0026,2024-02-04 17:39,Youssoufia,S1 — Attendre,3.83,-3.1,14.4,0.3618,-0.1443,0.3523,False,0.4,0.35,0.25
SIM-0021-S2,21,ANO-0026,2024-02-04 17:39,Youssoufia,S2 — Fournisseur alternatif,-0.36,20.7,-5.1,1.0599,0.0509,0.6489,False,0.4,0.35,0.25
SIM-0021-S3,21,ANO-0026,2024-02-04 17:39,Youssoufia,S3 — Redistribution stock,-0.86,-13.9,-39.3,1.143,0.3932,0.8851,True,0.4,0.35,0.25
SIM-0022-S1,22,ANO-0177,2024-10-23 07:27,Youssoufia,S1 — Attendre,2.47,-2.1,28.1,0.5891,-0.2809,0.3927,False,0.4,0.35,0.25
SIM-0022-S2,22,ANO-0177,2024-10-23 07:27,Youssoufia,S2 — Fournisseur alternatif,0.32,23.7,-8.4,0.9468,0.0838,0.6101,False,0.4,0.35,0.25
SIM-0022-S3,22,ANO-0177,2024-10-23 07:27,Youssoufia,S3 — Redistribution stock,-1.65,-16.1,-36.6,1.2743,0.3657,0.9357,True,0.4,0.35,0.25
SIM-0023-S1,23,ANO-0040,2024-11-08 05:03,Khouribga,S1 — Attendre,2.57,-2.5,23.4,0.5722,-0.2337,0.4036,False,0.4,0.35,0.25
SIM-0023-S2,23,ANO-0040,2024-11-08 05:03,Khouribga,S2 — Fournisseur alternatif,0.76,16.3,-3.6,0.8727,0.0359,0.5765,False,0.4,0.35,0.25
SIM-0023-S3,23,ANO-0040,2024-11-08 05:03,Khouribga,S3 — Redistribution stock,-0.27,-13.7,-36.9,1.0454,0.3693,0.8372,True,0.4,0.35,0.25
SIM-0024-S1,24,ANO-0177,2024-07-30 17:54,Safi,S1 — Attendre,2.04,3.2,17.5,0.6598,-0.1754,0.4447,False,0.4,0.35,0.25
SIM-0024-S2,24,ANO-0177,2024-07-30 17:54,Safi,S2 — Fournisseur alternatif,0.69,12.8,0.6,0.8858,-0.0058,0.5738,False,0.4,0.35,0.25
SIM-0024-S3,24,ANO-0177,2024-07-30 17:54,Safi,S3 — Redistribution stock,-1.49,-19.9,-29.6,1.2489,0.2961,0.9153,True,0.4,0.35,0.25
SIM-0025-S1,25,ANO-0197,2024-02-02 11:11,Casablanca Port,S1 — Attendre,3.8,1.6,14.5,0.3672,-0.1446,0.3423,False,0.4,0.35,0.25
SIM-0025-S2,25,ANO-0197,2024-02-02 11:11,Casablanca Port,S2 — Fournisseur alternatif,0.28,11.7,3.0,0.9541,-0.0304,0.5948,False,0.4,0.35,0.25
SIM-0025-S3,25,ANO-0197,2024-02-02 11:11,Casablanca Port,S3 — Redistribution stock,-1.02,-18.2,-35.1,1.1705,0.3509,0.8965,True,0.4,0.35,0.25
SIM-0026-S1,26,ANO-0184,2024-07-18 05:29,Casablanca Port,S1 — Attendre,5.72,-1.0,20.7,0.0463,-0.2073,0.1985,False,0.4,0.35,0.25
SIM-0026-S2,26,ANO-0184,2024-07-18 05:29,Casablanca Port,S2 — Fournisseur alternatif,-0.43,18.6,-12.8,1.0718,0.1283,0.6845,False,0.4,0.35,0.25
SIM-0026-S3,26,ANO-0184,2024-07-18 05:29,Casablanca Port,S3 — Redistribution stock,-1.76,-11.8,-26.7,1.2935,0.2674,0.8944,True,0.4,0.35,0.25
SIM-0027-S1,27,ANO-0128,2024-03-08 04:32,Jorf Lasfar,S1 — Attendre,2.8,0.2,10.7,0.5328,-0.1071,0.4252,False,0.4,0.35,0.25
SIM-0027-S2,27,ANO-0128,2024-03-08 04:32,Jorf Lasfar,S2 — Fournisseur alternatif,-0.04,11.7,-14.2,1.0071,0.1424,0.6765,False,0.4,0.35,0.25
SIM-0027-S3,27,ANO-0128,2024-03-08 04:32,Jorf Lasfar,S3 — Redistribution stock,-1.22,-19.2,-29.6,1.204,0.296,0.8944,True,0.4,0.35,0.25
SIM-0028-S1,28,ANO-0112,2024-02-22 08:26,Youssoufia,S1 — Attendre,4.46,-0.6,12.9,0.2565,-0.1286,0.3091,False,0.4,0.35,0.25
SIM-0028-S2,28,ANO-0112,2024-02-22 08:26,Youssoufia,S2 — Fournisseur alternatif,0.19,10.6,3.7,0.9677,-0.0367,0.6002,False,0.4,0.35,0.25
SIM-0028-S3,28,ANO-0112,2024-02-22 08:26,Youssoufia,S3 — Redistribution stock,-0.47,-18.1,-36.8,1.0777,0.3684,0.8653,True,0.4,0.35,0.25
SIM-0029-S1,29,ANO-0146,2024-09-03 22:28,Khouribga,S1 — Attendre,2.06,-3.5,27.2,0.6572,-0.2719,0.4267,False,0.4,0.35,0.25
SIM-0029-S2,29,ANO-0146,2024-09-03 22:28,Khouribga,S2 — Fournisseur alternatif,-0.5,12.6,-5.8,1.0831,0.0576,0.6753,False,0.4,0.35,0.25
SIM-0029-S3,29,ANO-0146,2024-09-03 22:28,Khouribga,S3 — Redistribution stock,-0.2,-19.4,-34.3,1.0328,0.343,0.8435,True,0.4,0.35,0.25
SIM-0030-S1,30,ANO-0017,2024-08-14 15:39,Jorf Lasfar,S1 — Attendre,2.9,1.3,16.7,0.5165,-0.1672,0.395,False,0.4,0.35,0.25
SIM-0030-S2,30,ANO-0017,2024-08-14 15:39,Jorf Lasfar,S2 — Fournisseur alternatif,0.44,10.4,-6.2,0.9263,0.0619,0.6187,False,0.4,0.35,0.25
SIM-0030-S3,30,ANO-0017,2024-08-14 15:39,Jorf Lasfar,S3 — Redistribution stock,-0.31,-14.0,-35.7,1.0522,0.3568,0.8364,True,0.4,0.35,0.25
SIM-0031-S1,31,ANO-0141,2024-05-05 03:05,Youssoufia,S1 — Attendre,5.86,-4.4,23.7,0.0239,-0.237,0.1882,False,0.4,0.35,0.25
SIM-0031-S2,31,ANO-0141,2024-05-05 03:05,Youssoufia,S2 — Fournisseur alternatif,-0.18,18.0,-2.6,1.03,0.0263,0.633,False,0.4,0.35,0.25
SIM-0031-S3,31,ANO-0141,2024-05-05 03:05,Youssoufia,S3 — Redistribution stock,-1.66,-10.7,-34.4,1.2767,0.3444,0.9111,True,0.4,0.35,0.25
SIM-0032-S1,32,ANO-0176,2024-04-21 10:46,Khouribga,S1 — Attendre,2.93,-1.2,21.3,0.5109,-0.2125,0.383,False,0.4,0.35,0.25
SIM-0032-S2,32,ANO-0176,2024-04-21 10:46,Khouribga,S2 — Fournisseur alternatif,0.63,21.5,-12.6,0.8954,0.1261,0.608,False,0.4,0.35,0.25
SIM-0032-S3,32,ANO-0176,2024-04-21 10:46,Khouribga,S3 — Redistribution stock,-1.55,-13.7,-31.5,1.2585,0.3155,0.9036,True,0.4,0.35,0.25
SIM-0033-S1,33,ANO-0167,2024-02-27 10:02,Khouribga,S1 — Attendre,5.3,-0.2,21.4,0.1173,-0.2143,0.2225,False,0.4,0.35,0.25
SIM-0033-S2,33,ANO-0167,2024-02-27 10:02,Khouribga,S2 — Fournisseur alternatif,-0.23,20.3,-7.3,1.038,0.0726,0.6485,False,0.4,0.35,0.25
SIM-0033-S3,33,ANO-0167,2024-02-27 10:02,Khouribga,S3 — Redistribution stock,-0.18,-17.6,-32.6,1.0299,0.3264,0.8297,True,0.4,0.35,0.25
SIM-0034-S1,34,ANO-0163,2024-07-13 05:07,Benguerir,S1 — Attendre,3.82,4.2,13.1,0.3633,-0.1306,0.3396,False,0.4,0.35,0.25
SIM-0034-S2,34,ANO-0163,2024-07-13 05:07,Benguerir,S2 — Fournisseur alternatif,0.07,15.4,-12.1,0.9878,0.1211,0.6542,False,0.4,0.35,0.25
SIM-0034-S3,34,ANO-0163,2024-07-13 05:07,Benguerir,S3 — Redistribution stock,-0.73,-18.3,-25.5,1.121,0.2549,0.8434,True,0.4,0.35,0.25
SIM-0035-S1,35,ANO-0095,2024-07-18 18:45,Youssoufia,S1 — Attendre,4.96,-0.7,16.0,0.1733,-0.16,0.2651,False,0.4,0.35,0.25
SIM-0035-S2,35,ANO-0095,2024-07-18 18:45,Youssoufia,S2 — Fournisseur alternatif,-0.91,16.2,2.6,1.1525,-0.026,0.6671,False,0.4,0.35,0.25
SIM-0035-S3,35,ANO-0095,2024-07-18 18:45,Youssoufia,S3 — Redistribution stock,-0.3,-10.1,-38.1,1.0494,0.3812,0.8314,True,0.4,0.35,0.25
SIM-0036-S1,36,ANO-0104,2024-10-01 03:18,Youssoufia,S1 — Attendre,3.68,-0.8,24.7,0.3859,-0.2467,0.3201,False,0.4,0.35,0.25
SIM-0036-S2,36,ANO-0104,2024-10-01 03:18,Youssoufia,S2 — Fournisseur alternatif,-0.11,15.8,-7.7,1.0187,0.0773,0.6504,False,0.4,0.35,0.25
SIM-0036-S3,36,ANO-0104,2024-10-01 03:18,Youssoufia,S3 — Redistribution stock,-1.35,-16.0,-29.2,1.2247,0.2915,0.8896,True,0.4,0.35,0.25
SIM-0037-S1,37,ANO-0056,2024-06-08 22:32,Youssoufia,S1 — Attendre,4.85,0.7,29.0,0.1916,-0.2896,0.2236,False,0.4,0.35,0.25
SIM-0037-S2,37,ANO-0056,2024-06-08 22:32,Youssoufia,S2 — Fournisseur alternatif,0.46,21.8,-7.7,0.9236,0.0773,0.6018,False,0.4,0.35,0.25
SIM-0037-S3,37,ANO-0056,2024-06-08 22:32,Youssoufia,S3 — Redistribution stock,-1.07,-11.4,-28.1,1.1789,0.2812,0.8521,True,0.4,0.35,0.25
SIM-0038-S1,38,ANO-0079,2024-10-18 03:05,Casablanca Port,S1 — Attendre,2.85,-3.6,12.2,0.5243,-0.1217,0.4264,False,0.4,0.35,0.25
SIM-0038-S2,38,ANO-0079,2024-10-18 03:05,Casablanca Port,S2 — Fournisseur alternatif,0.3,14.5,1.7,0.9493,-0.0166,0.5922,False,0.4,0.35,0.25
SIM-0038-S3,38,ANO-0079,2024-10-18 03:05,Casablanca Port,S3 — Redistribution stock,-0.45,-13.8,-39.2,1.0751,0.3924,0.8573,True,0.4,0.35,0.25
SIM-0039-S1,39,ANO-0142,2024-06-17 16:29,Benguerir,S1 — Attendre,5.56,1.6,28.7,0.0734,-0.2874,0.1748,False,0.4,0.35,0.25
SIM-0039-S2,39,ANO-0142,2024-06-17 16:29,Benguerir,S2 — Fournisseur alternatif,-0.14,24.1,-14.5,1.0227,0.1452,0.6613,False,0.4,0.35,0.25
SIM-0039-S3,39,ANO-0142,2024-06-17 16:29,Benguerir,S3 — Redistribution stock,-1.59,-14.3,-37.4,1.2645,0.3741,0.9286,True,0.4,0.35,0.25
SIM-0040-S1,40,ANO-0040,2025-03-13 13:51,Laayoune,S1 — Attendre,4.56,0.8,26.0,0.2392,-0.2602,0.2527,False,0.4,0.35,0.25
SIM-0040-S2,40,ANO-0040,2025-03-13 13:51,Laayoune,S2 — Fournisseur alternatif,-0.7,14.7,-10.1,1.1164,0.1009,0.6997,False,0.4,0.35,0.25
SIM-0040-S3,40,ANO-0040,2025-03-13 13:51,Laayoune,S3 — Redistribution stock,-0.52,-12.4,-32.7,1.0872,0.327,0.8346,True,0.4,0.35,0.25
SIM-0041-S1,41,ANO-0161,2025-02-16 02:52,Casablanca Port,S1 — Attendre,5.5,1.8,25.7,0.0827,-0.2574,0.1887,False,0.4,0.35,0.25
SIM-0041-S2,41,ANO-0161,2025-02-16 02:52,Casablanca Port,S2 — Fournisseur alternatif,-0.83,10.1,2.2,1.1381,-0.0224,0.6744,False,0.4,0.35,0.25
SIM-0041-S3,41,ANO-0161,2025-02-16 02:52,Casablanca Port,S3 — Redistribution stock,-1.89,-11.5,-35.3,1.3157,0.353,0.9323,True,0.4,0.35,0.25
SIM-0042-S1,42,ANO-0191,2024-10-04 01:18,Youssoufia,S1 — Attendre,2.6,-2.9,26.8,0.5663,-0.2681,0.39,False,0.4,0.35,0.25
SIM-0042-S2,42,ANO-0191,2024-10-04 01:18,Youssoufia,S2 — Fournisseur alternatif,-0.27,23.6,-3.3,1.0457,0.0333,0.6321,False,0.4,0.35,0.25
SIM-0042-S3,42,ANO-0191,2024-10-04 01:18,Youssoufia,S3 — Redistribution stock,-0.34,-15.2,-29.4,1.0572,0.2945,0.8209,True,0.4,0.35,0.25
SIM-0043-S1,43,ANO-0026,2024-08-13 01:09,Benguerir,S1 — Attendre,5.21,-3.4,27.6,0.1318,-0.2761,0.2149,False,0.4,0.35,0.25
SIM-0043-S2,43,ANO-0026,2024-08-13 01:09,Benguerir,S2 — Fournisseur alternatif,-0.67,11.8,3.2,1.1122,-0.032,0.6573,False,0.4,0.35,0.25
SIM-0043-S3,43,ANO-0026,2024-08-13 01:09,Benguerir,S3 — Redistribution stock,-1.18,-14.4,-30.6,1.1968,0.3057,0.8777,True,0.4,0.35,0.25
SIM-0044-S1,44,ANO-0064,2024-08-06 10:35,Casablanca Port,S1 — Attendre,5.9,1.6,12.9,0.0159,-0.1293,0.2071,False,0.4,0.35,0.25
SIM-0044-S2,44,ANO-0064,2024-08-06 10:35,Casablanca Port,S2 — Fournisseur alternatif,-0.11,21.3,-12.3,1.0184,0.1229,0.6564,False,0.4,0.35,0.25
SIM-0044-S3,44,ANO-0064,2024-08-06 10:35,Casablanca Port,S3 — Redistribution stock,-1.24,-16.2,-37.4,1.2064,0.3744,0.9119,True,0.4,0.35,0.25
SIM-0045-S1,45,ANO-0177,2024-01-16 11:58,Jorf Lasfar,S1 — Attendre,5.95,-1.4,18.8,0.0082,-0.1882,0.1909,False,0.4,0.35,0.25
SIM-0045-S2,45,ANO-0177,2024-01-16 11:58,Jorf Lasfar,S2 — Fournisseur alternatif,0.14,16.7,-14.6,0.976,0.146,0.6557,False,0.4,0.35,0.25
SIM-0045-S3,45,ANO-0177,2024-01-16 11:58,Jorf Lasfar,S3 — Redistribution stock,-1.02,-13.3,-34.8,1.1694,0.3484,0.878,True,0.4,0.35,0.25
SIM-0046-S1,46,ANO-0095,2024-09-20 21:53,Khouribga,S1 — Attendre,2.28,-3.7,16.0,0.6207,-0.16,0.4518,False,0.4,0.35,0.25
SIM-0046-S2,46,ANO-0095,2024-09-20 21:53,Khouribga,S2 — Fournisseur alternatif,-0.21,12.2,4.9,1.0355,-0.0486,0.6199,False,0.4,0.35,0.25
SIM-0046-S3,46,ANO-0095,2024-09-20 21:53,Khouribga,S3 — Redistribution stock,-0.42,-13.3,-25.6,1.0697,0.2558,0.8058,True,0.4,0.35,0.25
SIM-0047-S1,47,ANO-0183,2024-09-06 02:15,Benguerir,S1 — Attendre,5.17,2.9,17.1,0.1381,-0.1709,0.2385,False,0.4,0.35,0.25
SIM-0047-S2,47,ANO-0183,2024-09-06 02:15,Benguerir,S2 — Fournisseur alternatif,0.97,17.4,-2.6,0.8388,0.0256,0.5574,False,0.4,0.35,0.25
SIM-0047-S3,47,ANO-0183,2024-09-06 02:15,Benguerir,S3 — Redistribution stock,-0.82,-10.1,-34.5,1.1366,0.3452,0.8535,True,0.4,0.35,0.25
SIM-0048-S1,48,ANO-0132,2024-07-15 06:57,Youssoufia,S1 — Attendre,3.12,0.2,28.3,0.4798,-0.2832,0.3423,False,0.4,0.35,0.25
SIM-0048-S2,48,ANO-0132,2024-07-15 06:57,Youssoufia,S2 — Fournisseur alternatif,-0.02,23.6,-14.0,1.0035,0.1396,0.6525,False,0.4,0.35,0.25
SIM-0048-S3,48,ANO-0132,2024-07-15 06:57,Youssoufia,S3 — Redistribution stock,-1.52,-16.9,-33.3,1.2537,0.3327,0.9189,True,0.4,0.35,0.25
SIM-0049-S1,49,ANO-0011,2024-12-02 06:46,Benguerir,S1 — Attendre,3.09,5.0,23.1,0.4848,-0.2313,0.3511,False,0.4,0.35,0.25
SIM-0049-S2,49,ANO-0011,2024-12-02 06:46,Benguerir,S2 — Fournisseur alternatif,0.32,15.0,-14.4,0.9469,0.1437,0.6465,False,0.4,0.35,0.25
SIM-0049-S3,49,ANO-0011,2024-12-02 06:46,Benguerir,S3 — Redistribution stock,-0.26,-10.7,-39.8,1.0427,0.3984,0.8366,True,0.4,0.35,0.25
SIM-0050-S1,50,ANO-0078,2025-03-21 13:39,Khouribga,S1 — Attendre,3.52,4.0,17.6,0.4129,-0.176,0.3438,False,0.4,0.35,0.25
SIM-0050-S2,50,ANO-0078,2025-03-21 13:39,Khouribga,S2 — Fournisseur alternatif,-0.93,20.1,-1.1,1.1547,0.0106,0.6738,False,0.4,0.35,0.25
SIM-0050-S3,50,ANO-0078,2025-03-21 13:39,Khouribga,S3 — Redistribution stock,-1.33,-12.0,-27.2,1.2215,0.272,0.8678,True,0.4,0.35,0.25
SIM-0051-S1,51,ANO-0182,2024-11-25 17:31,Safi,S1 — Attendre,3.37,4.4,24.4,0.4386,-0.2438,0.3295,False,0.4,0.35,0.25
SIM-0051-S2,51,ANO-0182,2024-11-25 17:31,Safi,S2 — Fournisseur alternatif,0.1,17.3,-9.7,0.9825,0.0967,0.6399,False,0.4,0.35,0.25
SIM-0051-S3,51,ANO-0182,2024-11-25 17:31,Safi,S3 — Redistribution stock,-0.17,-10.8,-38.7,1.0289,0.3873,0.8274,True,0.4,0.35,0.25
SIM-0052-S1,52,ANO-0131,2024-09-04 11:23,Laayoune,S1 — Attendre,5.58,-4.8,12.6,0.0695,-0.1257,0.2463,False,0.4,0.35,0.25
SIM-0052-S2,52,ANO-0131,2024-09-04 11:23,Laayoune,S2 — Fournisseur alternatif,0.52,13.6,-11.5,0.9126,0.1146,0.6251,False,0.4,0.35,0.25
SIM-0052-S3,52,ANO-0131,2024-09-04 11:23,Laayoune,S3 — Redistribution stock,-1.87,-14.3,-36.4,1.3117,0.3645,0.9439,True,0.4,0.35,0.25
SIM-0053-S1,53,ANO-0020,2024-03-08 21:00,Laayoune,S1 — Attendre,2.04,-4.9,26.1,0.6602,-0.2614,0.4354,False,0.4,0.35,0.25
SIM-0053-S2,53,ANO-0020,2024-03-08 21:00,Laayoune,S2 — Fournisseur alternatif,0.74,19.3,-11.9,0.8766,0.1188,0.6018,False,0.4,0.35,0.25
SIM-0053-S3,53,ANO-0020,2024-03-08 21:00,Laayoune,S3 — Redistribution stock,-0.75,-11.3,-33.1,1.1246,0.3309,0.8475,True,0.4,0.35,0.25
SIM-0054-S1,54,ANO-0171,2024-09-14 00:26,Laayoune,S1 — Attendre,2.42,-3.8,24.1,0.5961,-0.2408,0.414,False,0.4,0.35,0.25
SIM-0054-S2,54,ANO-0171,2024-09-14 00:26,Laayoune,S2 — Fournisseur alternatif,-0.6,21.2,-13.4,1.1002,0.1338,0.6932,False,0.4,0.35,0.25
SIM-0054-S3,54,ANO-0171,2024-09-14 00:26,Laayoune,S3 — Redistribution stock,-1.82,-10.5,-39.9,1.3028,0.3994,0.9402,True,0.4,0.35,0.25
SIM-0055-S1,55,ANO-0013,2024-06-30 00:50,Youssoufia,S1 — Attendre,4.87,-1.1,22.5,0.1887,-0.2251,0.2496,False,0.4,0.35,0.25
SIM-0055-S2,55,ANO-0013,2024-06-30 00:50,Youssoufia,S2 — Fournisseur alternatif,-0.61,22.3,-0.8,1.1025,0.0084,0.6484,False,0.4,0.35,0.25
SIM-0055-S3,55,ANO-0013,2024-06-30 00:50,Youssoufia,S3 — Redistribution stock,-1.01,-12.9,-33.0,1.1682,0.3296,0.8698,True,0.4,0.35,0.25
SIM-0056-S1,56,ANO-0048,2024-02-17 14:05,Safi,S1 — Attendre,4.03,-4.2,29.5,0.3283,-0.2948,0.2891,False,0.4,0.35,0.25
SIM-0056-S2,56,ANO-0048,2024-02-17 14:05,Safi,S2 — Fournisseur alternatif,-0.47,23.2,-3.5,1.0789,0.0349,0.6468,False,0.4,0.35,0.25
SIM-0056-S3,56,ANO-0048,2024-02-17 14:05,Safi,S3 — Redistribution stock,-1.62,-18.8,-28.6,1.2702,0.2858,0.9158,True,0.4,0.35,0.25
SIM-0057-S1,57,ANO-0083,2024-05-26 04:16,Youssoufia,S1 — Attendre,5.03,-2.7,17.9,0.1625,-0.1789,0.2594,False,0.4,0.35,0.25
SIM-0057-S2,57,ANO-0083,2024-05-26 04:16,Youssoufia,S2 — Fournisseur alternatif,0.67,14.5,-6.8,0.888,0.0675,0.5973,False,0.4,0.35,0.25
SIM-0057-S3,57,ANO-0083,2024-05-26 04:16,Youssoufia,S3 — Redistribution stock,-0.72,-17.8,-36.2,1.1198,0.3624,0.8789,True,0.4,0.35,0.25
SIM-0058-S1,58,ANO-0062,2024-09-24 18:46,Casablanca Port,S1 — Attendre,4.12,1.5,29.4,0.313,-0.2936,0.2686,False,0.4,0.35,0.25
SIM-0058-S2,58,ANO-0062,2024-09-24 18:46,Casablanca Port,S2 — Fournisseur alternatif,-0.5,21.3,-13.7,1.0828,0.1371,0.6872,False,0.4,0.35,0.25
SIM-0058-S3,58,ANO-0062,2024-09-24 18:46,Casablanca Port,S3 — Redistribution stock,-1.87,-16.6,-29.0,1.3124,0.2901,0.9261,True,0.4,0.35,0.25
SIM-0059-S1,59,ANO-0173,2024-11-30 01:32,Khouribga,S1 — Attendre,5.06,2.2,10.2,0.157,-0.1024,0.2717,False,0.4,0.35,0.25
SIM-0059-S2,59,ANO-0173,2024-11-30 01:32,Khouribga,S2 — Fournisseur alternatif,0.49,11.3,-3.2,0.9186,0.0324,0.6033,False,0.4,0.35,0.25
SIM-0059-S3,59,ANO-0173,2024-11-30 01:32,Khouribga,S3 — Redistribution stock,-0.17,-16.4,-29.8,1.0279,0.2978,0.8144,True,0.4,0.35,0.25
SIM-0060-S1,60,ANO-0068,2024-02-21 04:04,Jorf Lasfar,S1 — Attendre,4.91,-1.8,17.2,0.1819,-0.1716,0.2673,False,0.4,0.35,0.25
SIM-0060-S2,60,ANO-0068,2024-02-21 04:04,Jorf Lasfar,S2 — Fournisseur alternatif,0.62,15.6,-9.0,0.8963,0.09,0.6064,False,0.4,0.35,0.25
SIM-0060-S3,60,ANO-0068,2024-02-21 04:04,Jorf Lasfar,S3 — Redistribution stock,-1.02,-14.5,-28.8,1.1703,0.2883,0.8615,True,0.4,0.35,0.25
SIM-0061-S1,61,ANO-0044,2024-06-26 04:18,Jorf Lasfar,S1 — Attendre,2.17,-1.5,19.3,0.6382,-0.193,0.4415,False,0.4,0.35,0.25
SIM-0061-S2,61,ANO-0044,2024-06-26 04:18,Jorf Lasfar,S2 — Fournisseur alternatif,-0.08,23.9,1.9,1.0128,-0.0193,0.6002,False,0.4,0.35,0.25
SIM-0061-S3,61,ANO-0044,2024-06-26 04:18,Jorf Lasfar,S3 — Redistribution stock,-0.06,-15.4,-26.5,1.0092,0.2651,0.7919,True,0.4,0.35,0.25
SIM-0062-S1,62,ANO-0037,2024-12-17 05:10,Youssoufia,S1 — Attendre,4.95,-1.1,29.0,0.1748,-0.2899,0.2213,False,0.4,0.35,0.25
SIM-0062-S2,62,ANO-0037,2024-12-17 05:10,Youssoufia,S2 — Fournisseur alternatif,0.75,21.8,-7.4,0.8755,0.0737,0.5812,False,0.4,0.35,0.25
SIM-0062-S3,62,ANO-0037,2024-12-17 05:10,Youssoufia,S3 — Redistribution stock,-0.26,-18.5,-34.5,1.0432,0.3451,0.8449,True,0.4,0.35,0.25
SIM-0063-S1,63,ANO-0170,2024-12-03 09:27,Laayoune,S1 — Attendre,5.62,-3.5,28.9,0.0631,-0.2892,0.1831,False,0.4,0.35,0.25
SIM-0063-S2,63,ANO-0170,2024-12-03 09:27,Laayoune,S2 — Fournisseur alternatif,-0.57,10.2,-5.6,1.0943,0.0555,0.6839,False,0.4,0.35,0.25
SIM-0063-S3,63,ANO-0170,2024-12-03 09:27,Laayoune,S3 — Redistribution stock,-1.46,-18.0,-32.5,1.243,0.3254,0.9161,True,0.4,0.35,0.25
SIM-0064-S1,64,ANO-0141,2024-05-02 23:13,Benguerir,S1 — Attendre,3.11,-3.1,22.1,0.4816,-0.2214,0.3731,False,0.4,0.35,0.25
SIM-0064-S2,64,ANO-0141,2024-05-02 23:13,Benguerir,S2 — Fournisseur alternatif,-0.0,16.5,2.0,1.0003,-0.0203,0.6075,False,0.4,0.35,0.25
SIM-0064-S3,64,ANO-0141,2024-05-02 23:13,Benguerir,S3 — Redistribution stock,-1.03,-13.3,-34.7,1.1709,0.347,0.8783,True,0.4,0.35,0.25
SIM-0065-S1,65,ANO-0083,2024-03-23 08:11,Khouribga,S1 — Attendre,4.82,1.1,12.8,0.196,-0.1283,0.2808,False,0.4,0.35,0.25
SIM-0065-S2,65,ANO-0083,2024-03-23 08:11,Khouribga,S2 — Fournisseur alternatif,0.04,17.4,-10.7,0.9937,0.1067,0.6478,False,0.4,0.35,0.25
SIM-0065-S3,65,ANO-0083,2024-03-23 08:11,Khouribga,S3 — Redistribution stock,-1.02,-10.4,-30.5,1.1698,0.3053,0.8539,True,0.4,0.35,0.25
SIM-0066-S1,66,ANO-0080,2024-09-19 23:35,Casablanca Port,S1 — Attendre,4.74,-0.7,12.4,0.2106,-0.1244,0.2925,False,0.4,0.35,0.25
SIM-0066-S2,66,ANO-0080,2024-09-19 23:35,Casablanca Port,S2 — Fournisseur alternatif,-0.74,14.2,-0.5,1.1235,0.005,0.67,False,0.4,0.35,0.25
SIM-0066-S3,66,ANO-0080,2024-09-19 23:35,Casablanca Port,S3 — Redistribution stock,-0.39,-11.4,-34.5,1.0643,0.3446,0.8284,True,0.4,0.35,0.25
SIM-0067-S1,67,ANO-0005,2025-01-02 19:06,Khouribga,S1 — Attendre,3.79,-0.8,14.2,0.3686,-0.1419,0.3499,False,0.4,0.35,0.25
SIM-0067-S2,67,ANO-0005,2025-01-02 19:06,Khouribga,S2 — Fournisseur alternatif,-0.35,13.5,2.4,1.0579,-0.0244,0.6349,False,0.4,0.35,0.25
SIM-0067-S3,67,ANO-0005,2025-01-02 19:06,Khouribga,S3 — Redistribution stock,-1.37,-10.8,-25.4,1.2292,0.2541,0.861,True,0.4,0.35,0.25
SIM-0068-S1,68,ANO-0088,2024-08-05 21:28,Jorf Lasfar,S1 — Attendre,4.31,-1.7,13.9,0.2819,-0.1389,0.3184,False,0.4,0.35,0.25
SIM-0068-S2,68,ANO-0088,2024-08-05 21:28,Jorf Lasfar,S2 — Fournisseur alternatif,-0.75,14.8,-2.3,1.1243,0.0235,0.6756,False,0.4,0.35,0.25
SIM-0068-S3,68,ANO-0088,2024-08-05 21:28,Jorf Lasfar,S3 — Redistribution stock,-0.06,-17.7,-31.1,1.0096,0.3111,0.8165,True,0.4,0.35,0.25
SIM-0069-S1,69,ANO-0064,2024-07-03 02:20,Laayoune,S1 — Attendre,3.95,-0.3,10.4,0.3409,-0.1039,0.3508,False,0.4,0.35,0.25
SIM-0069-S2,69,ANO-0064,2024-07-03 02:20,Laayoune,S2 — Fournisseur alternatif,0.02,11.4,0.0,0.9963,-0.0,0.6229,False,0.4,0.35,0.25
SIM-0069-S3,69,ANO-0064,2024-07-03 02:20,Laayoune,S3 — Redistribution stock,-0.75,-19.2,-32.6,1.1255,0.3264,0.8738,True,0.4,0.35,0.25
SIM-0070-S1,70,ANO-0116,2024-07-25 14:44,Khouribga,S1 — Attendre,3.56,-3.1,25.4,0.4069,-0.254,0.3318,False,0.4,0.35,0.25
SIM-0070-S2,70,ANO-0116,2024-07-25 14:44,Khouribga,S2 — Fournisseur alternatif,0.42,15.5,0.6,0.9294,-0.0056,0.5863,False,0.4,0.35,0.25
SIM-0070-S3,70,ANO-0116,2024-07-25 14:44,Khouribga,S3 — Redistribution stock,-1.05,-17.8,-40.0,1.1754,0.3995,0.914,True,0.4,0.35,0.25
SIM-0071-S1,71,ANO-0159,2024-10-03 15:28,Laayoune,S1 — Attendre,3.93,-3.5,15.5,0.345,-0.1546,0.3431,False,0.4,0.35,0.25
SIM-0071-S2,71,ANO-0159,2024-10-03 15:28,Laayoune,S2 — Fournisseur alternatif,-0.36,24.8,-2.9,1.06,0.029,0.6345,False,0.4,0.35,0.25
SIM-0071-S3,71,ANO-0159,2024-10-03 15:28,Laayoune,S3 — Redistribution stock,-0.93,-11.8,-30.3,1.1546,0.3031,0.8512,True,0.4,0.35,0.25
SIM-0072-S1,72,ANO-0188,2024-04-03 11:43,Benguerir,S1 — Attendre,2.24,3.8,20.5,0.6263,-0.2047,0.4196,False,0.4,0.35,0.25
SIM-0072-S2,72,ANO-0188,2024-04-03 11:43,Benguerir,S2 — Fournisseur alternatif,0.01,13.7,-7.5,0.9986,0.0748,0.6455,False,0.4,0.35,0.25
SIM-0072-S3,72,ANO-0188,2024-04-03 11:43,Benguerir,S3 — Redistribution stock,-0.6,-11.5,-35.5,1.0998,0.3553,0.8467,True,0.4,0.35,0.25
SIM-0073-S1,73,ANO-0076,2024-06-07 15:18,Youssoufia,S1 — Attendre,2.1,1.5,25.2,0.6498,-0.2525,0.4178,False,0.4,0.35,0.25
SIM-0073-S2,73,ANO-0076,2024-06-07 15:18,Youssoufia,S2 — Fournisseur alternatif,-0.84,17.0,3.2,1.1404,-0.032,0.6587,False,0.4,0.35,0.25
SIM-0073-S3,73,ANO-0076,2024-06-07 15:18,Youssoufia,S3 — Redistribution stock,-1.7,-13.7,-31.7,1.2841,0.3167,0.9143,True,0.4,0.35,0.25
SIM-0074-S1,74,ANO-0081,2024-12-10 23:21,Laayoune,S1 — Attendre,2.43,-2.3,15.5,0.5948,-0.1552,0.4394,False,0.4,0.35,0.25
SIM-0074-S2,74,ANO-0081,2024-12-10 23:21,Laayoune,S2 — Fournisseur alternatif,0.41,16.8,-11.7,0.9312,0.1174,0.6276,False,0.4,0.35,0.25
SIM-0074-S3,74,ANO-0081,2024-12-10 23:21,Laayoune,S3 — Redistribution stock,-1.74,-10.4,-38.1,1.2905,0.3814,0.9288,True,0.4,0.35,0.25
SIM-0075-S1,75,ANO-0123,2024-09-10 15:06,Jorf Lasfar,S1 — Attendre,3.48,-1.8,24.4,0.4208,-0.2441,0.3376,False,0.4,0.35,0.25
SIM-0075-S2,75,ANO-0123,2024-09-10 15:06,Jorf Lasfar,S2 — Fournisseur alternatif,0.1,19.4,-2.1,0.9833,0.0207,0.6099,False,0.4,0.35,0.25
SIM-0075-S3,75,ANO-0123,2024-09-10 15:06,Jorf Lasfar,S3 — Redistribution stock,-1.21,-16.7,-27.5,1.2015,0.2746,0.8769,True,0.4,0.35,0.25
SIM-0076-S1,76,ANO-0073,2024-01-27 19:45,Casablanca Port,S1 — Attendre,3.3,2.6,10.8,0.4507,-0.1079,0.3863,False,0.4,0.35,0.25
SIM-0076-S2,76,ANO-0073,2024-01-27 19:45,Casablanca Port,S2 — Fournisseur alternatif,0.02,20.8,-0.7,0.9961,0.0073,0.6079,False,0.4,0.35,0.25
SIM-0076-S3,76,ANO-0073,2024-01-27 19:45,Casablanca Port,S3 — Redistribution stock,-1.01,-10.7,-37.9,1.1678,0.379,0.8798,True,0.4,0.35,0.25
SIM-0077-S1,77,ANO-0042,2024-03-20 10:08,Jorf Lasfar,S1 — Attendre,5.76,-2.6,25.1,0.0399,-0.2509,0.1849,False,0.4,0.35,0.25
SIM-0077-S2,77,ANO-0042,2024-03-20 10:08,Jorf Lasfar,S2 — Fournisseur alternatif,0.94,15.1,-6.7,0.8426,0.0675,0.5779,False,0.4,0.35,0.25
SIM-0077-S3,77,ANO-0042,2024-03-20 10:08,Jorf Lasfar,S3 — Redistribution stock,-0.5,-15.1,-31.8,1.083,0.3182,0.839,True,0.4,0.35,0.25
SIM-0078-S1,78,ANO-0165,2025-02-11 12:43,Safi,S1 — Attendre,5.16,1.9,21.0,0.1402,-0.2096,0.2279,False,0.4,0.35,0.25
SIM-0078-S2,78,ANO-0165,2025-02-11 12:43,Safi,S2 — Fournisseur alternatif,-0.82,13.1,-11.8,1.1368,0.1182,0.7171,False,0.4,0.35,0.25
SIM-0078-S3,78,ANO-0165,2025-02-11 12:43,Safi,S3 — Redistribution stock,-0.47,-11.3,-36.6,1.0791,0.3659,0.8416,True,0.4,0.35,0.25
SIM-0079-S1,79,ANO-0175,2024-02-13 21:30,Casablanca Port,S1 — Attendre,4.23,-4.5,26.9,0.2949,-0.2686,0.2857,False,0.4,0.35,0.25
SIM-0079-S2,79,ANO-0175,2024-02-13 21:30,Casablanca Port,S2 — Fournisseur alternatif,-0.55,10.6,-10.6,1.0915,0.1062,0.6997,False,0.4,0.35,0.25
SIM-0079-S3,79,ANO-0175,2024-02-13 21:30,Casablanca Port,S3 — Redistribution stock,-1.53,-18.5,-26.9,1.2558,0.2694,0.9033,True,0.4,0.35,0.25
SIM-0080-S1,80,ANO-0083,2025-01-23 19:33,Benguerir,S1 — Attendre,3.55,1.3,17.9,0.4083,-0.1792,0.3473,False,0.4,0.35,0.25
SIM-0080-S2,80,ANO-0083,2025-01-23 19:33,Benguerir,S2 — Fournisseur alternatif,0.02,14.3,-14.5,0.9966,0.1453,0.6681,False,0.4,0.35,0.25
SIM-0080-S3,80,ANO-0083,2025-01-23 19:33,Benguerir,S3 — Redistribution stock,-0.57,-15.9,-39.0,1.0951,0.3898,0.8716,True,0.4,0.35,0.25
SIM-0081-S1,81,ANO-0010,2024-06-04 10:35,Jorf Lasfar,S1 — Attendre,2.84,0.8,10.1,0.5274,-0.1014,0.4234,False,0.4,0.35,0.25
SIM-0081-S2,81,ANO-0010,2024-06-04 10:35,Jorf Lasfar,S2 — Fournisseur alternatif,0.4,18.7,-7.6,0.9327,0.0764,0.6104,False,0.4,0.35,0.25
SIM-0081-S3,81,ANO-0010,2024-06-04 10:35,Jorf Lasfar,S3 — Redistribution stock,-0.2,-18.4,-36.8,1.0338,0.3681,0.8486,True,0.4,0.35,0.25
SIM-0082-S1,82,ANO-0161,2025-02-20 12:03,Khouribga,S1 — Attendre,4.98,-2.2,21.1,0.1705,-0.2113,0.2498,False,0.4,0.35,0.25
SIM-0082-S2,82,ANO-0161,2025-02-20 12:03,Khouribga,S2 — Fournisseur alternatif,0.02,12.4,-11.0,0.9964,0.1097,0.6594,False,0.4,0.35,0.25
SIM-0082-S3,82,ANO-0161,2025-02-20 12:03,Khouribga,S3 — Redistribution stock,-0.78,-16.7,-35.1,1.1308,0.3509,0.8751,True,0.4,0.35,0.25
SIM-0083-S1,83,ANO-0031,2024-07-21 05:07,Safi,S1 — Attendre,4.6,-0.5,18.9,0.233,-0.1891,0.2782,False,0.4,0.35,0.25
SIM-0083-S2,83,ANO-0031,2024-07-21 05:07,Safi,S2 — Fournisseur alternatif,0.94,20.1,0.4,0.8441,-0.004,0.5444,False,0.4,0.35,0.25
SIM-0083-S3,83,ANO-0031,2024-07-21 05:07,Safi,S3 — Redistribution stock,-1.59,-18.9,-34.2,1.2651,0.3419,0.9339,True,0.4,0.35,0.25
SIM-0084-S1,84,ANO-0053,2024-03-23 21:35,Casablanca Port,S1 — Attendre,2.8,0.7,24.9,0.5332,-0.2495,0.3742,False,0.4,0.35,0.25
SIM-0084-S2,84,ANO-0053,2024-03-23 21:35,Casablanca Port,S2 — Fournisseur alternatif,0.67,20.1,2.7,0.889,-0.0273,0.5542,False,0.4,0.35,0.25
SIM-0084-S3,84,ANO-0053,2024-03-23 21:35,Casablanca Port,S3 — Redistribution stock,-0.36,-16.4,-39.2,1.0607,0.3918,0.8604,True,0.4,0.35,0.25
SIM-0085-S1,85,ANO-0065,2024-06-27 11:58,Jorf Lasfar,S1 — Attendre,2.87,-4.8,10.2,0.5221,-0.1025,0.4355,False,0.4,0.35,0.25
SIM-0085-S2,85,ANO-0065,2024-06-27 11:58,Jorf Lasfar,S2 — Fournisseur alternatif,0.66,22.9,-10.9,0.8901,0.1087,0.5975,False,0.4,0.35,0.25
SIM-0085-S3,85,ANO-0065,2024-06-27 11:58,Jorf Lasfar,S3 — Redistribution stock,-0.11,-16.1,-35.1,1.0177,0.3509,0.8279,True,0.4,0.35,0.25
SIM-0086-S1,86,ANO-0193,2024-10-30 12:11,Jorf Lasfar,S1 — Attendre,2.66,-0.1,21.2,0.5565,-0.2122,0.3985,False,0.4,0.35,0.25
SIM-0086-S2,86,ANO-0193,2024-10-30 12:11,Jorf Lasfar,S2 — Fournisseur alternatif,-0.43,24.8,2.1,1.0716,-0.0215,0.6214,False,0.4,0.35,0.25
SIM-0086-S3,86,ANO-0193,2024-10-30 12:11,Jorf Lasfar,S3 — Redistribution stock,-1.5,-13.8,-26.7,1.2505,0.2673,0.8839,True,0.4,0.35,0.25
SIM-0087-S1,87,ANO-0013,2024-01-25 05:36,Jorf Lasfar,S1 — Attendre,5.43,4.5,28.6,0.0952,-0.286,0.1773,False,0.4,0.35,0.25
SIM-0087-S2,87,ANO-0013,2024-01-25 05:36,Jorf Lasfar,S2 — Fournisseur alternatif,-0.39,15.7,-3.6,1.0655,0.0364,0.655,False,0.4,0.35,0.25
SIM-0087-S3,87,ANO-0013,2024-01-25 05:36,Jorf Lasfar,S3 — Redistribution stock,-1.68,-19.5,-36.8,1.2802,0.3677,0.9512,True,0.4,0.35,0.25
SIM-0088-S1,88,ANO-0190,2024-05-28 04:29,Safi,S1 — Attendre,5.51,-4.2,18.3,0.0824,-0.1835,0.2298,False,0.4,0.35,0.25
SIM-0088-S2,88,ANO-0190,2024-05-28 04:29,Safi,S2 — Fournisseur alternatif,-0.96,21.6,3.0,1.1592,-0.0297,0.6589,False,0.4,0.35,0.25
SIM-0088-S3,88,ANO-0190,2024-05-28 04:29,Safi,S3 — Redistribution stock,-1.4,-17.4,-26.0,1.2326,0.2605,0.8868,True,0.4,0.35,0.25
SIM-0089-S1,89,ANO-0163,2024-06-07 23:15,Khouribga,S1 — Attendre,4.98,1.8,10.6,0.1705,-0.1061,0.2766,False,0.4,0.35,0.25
SIM-0089-S2,89,ANO-0163,2024-06-07 23:15,Khouribga,S2 — Fournisseur alternatif,0.86,17.1,-14.7,0.8563,0.1471,0.6074,False,0.4,0.35,0.25
SIM-0089-S3,89,ANO-0163,2024-06-07 23:15,Khouribga,S3 — Redistribution stock,-1.83,-17.7,-27.0,1.3046,0.2695,0.9198,True,0.4,0.35,0.25
SIM-0090-S1,90,ANO-0143,2025-03-26 07:49,Casablanca Port,S1 — Attendre,3.09,-4.8,21.3,0.4846,-0.2126,0.3819,False,0.4,0.35,0.25
SIM-0090-S2,90,ANO-0143,2025-03-26 07:49,Casablanca Port,S2 — Fournisseur alternatif,-0.87,20.4,-10.7,1.1456,0.1069,0.7033,False,0.4,0.35,0.25
SIM-0090-S3,90,ANO-0143,2025-03-26 07:49,Casablanca Port,S3 — Redistribution stock,-1.2,-16.2,-39.4,1.2008,0.3944,0.9168,True,0.4,0.35,0.25
SIM-0091-S1,91,ANO-0120,2024-12-01 22:09,Laayoune,S1 — Attendre,3.65,4.7,21.5,0.3917,-0.2154,0.32,False,0.4,0.35,0.25
SIM-0091-S2,91,ANO-0120,2024-12-01 22:09,Laayoune,S2 — Fournisseur alternatif,-0.91,10.9,0.4,1.152,-0.0039,0.6848,False,0.4,0.35,0.25
SIM-0091-S3,91,ANO-0120,2024-12-01 22:09,Laayoune,S3 — Redistribution stock,-1.44,-17.2,-32.8,1.2397,0.3281,0.9126,True,0.4,0.35,0.25
SIM-0092-S1,92,ANO-0172,2024-07-26 14:32,Khouribga,S1 — Attendre,3.09,3.7,14.7,0.4854,-0.147,0.3837,False,0.4,0.35,0.25
SIM-0092-S2,92,ANO-0172,2024-07-26 14:32,Khouribga,S2 — Fournisseur alternatif,-0.1,10.0,-2.0,1.0173,0.02,0.6411,False,0.4,0.35,0.25
SIM-0092-S3,92,ANO-0172,2024-07-26 14:32,Khouribga,S3 — Redistribution stock,-0.25,-11.6,-33.5,1.0422,0.3347,0.817,True,0.4,0.35,0.25
SIM-0093-S1,93,ANO-0060,2025-01-14 10:48,Laayoune,S1 — Attendre,4.86,2.4,15.7,0.1896,-0.1573,0.2649,False,0.4,0.35,0.25
SIM-0093-S2,93,ANO-0060,2025-01-14 10:48,Laayoune,S2 — Fournisseur alternatif,-0.82,15.5,1.4,1.1372,-0.0141,0.6664,False,0.4,0.35,0.25
SIM-0093-S3,93,ANO-0060,2025-01-14 10:48,Laayoune,S3 — Redistribution stock,-0.91,-16.3,-26.5,1.1518,0.2647,0.8519,True,0.4,0.35,0.25
SIM-0094-S1,94,ANO-0038,2025-03-03 23:49,Jorf Lasfar,S1 — Attendre,3.28,1.4,18.1,0.4529,-0.1814,0.3642,False,0.4,0.35,0.25
SIM-0094-S2,94,ANO-0038,2025-03-03 23:49,Jorf Lasfar,S2 — Fournisseur alternatif,0.16,15.6,4.7,0.9733,-0.0467,0.5893,False,0.4,0.35,0.25
SIM-0094-S3,94,ANO-0038,2025-03-03 23:49,Jorf Lasfar,S3 — Redistribution stock,-0.47,-18.5,-29.9,1.0776,0.2991,0.8425,True,0.4,0.35,0.25
SIM-0095-S1,95,ANO-0139,2025-01-19 02:20,Casablanca Port,S1 — Attendre,3.63,4.6,11.7,0.3948,-0.1173,0.3558,False,0.4,0.35,0.25
SIM-0095-S2,95,ANO-0139,2025-01-19 02:20,Casablanca Port,S2 — Fournisseur alternatif,-0.49,12.1,3.5,1.0823,-0.0349,0.6438,False,0.4,0.35,0.25
SIM-0095-S3,95,ANO-0139,2025-01-19 02:20,Casablanca Port,S3 — Redistribution stock,-0.71,-15.5,-31.9,1.1182,0.3191,0.8548,True,0.4,0.35,0.25
SIM-0096-S1,96,ANO-0088,2024-05-07 14:19,Khouribga,S1 — Attendre,4.03,3.6,22.5,0.3291,-0.225,0.2942,False,0.4,0.35,0.25
SIM-0096-S2,96,ANO-0088,2024-05-07 14:19,Khouribga,S2 — Fournisseur alternatif,0.2,18.1,1.6,0.9671,-0.0164,0.5928,False,0.4,0.35,0.25
SIM-0096-S3,96,ANO-0088,2024-05-07 14:19,Khouribga,S3 — Redistribution stock,-1.68,-12.0,-37.9,1.2802,0.3791,0.9289,True,0.4,0.35,0.25
SIM-0097-S1,97,ANO-0178,2024-06-08 20:37,Laayoune,S1 — Attendre,3.59,3.2,27.6,0.4024,-0.2761,0.3065,False,0.4,0.35,0.25
SIM-0097-S2,97,ANO-0178,2024-06-08 20:37,Laayoune,S2 — Fournisseur alternatif,0.98,18.2,-4.6,0.8365,0.0461,0.5623,False,0.4,0.35,0.25
SIM-0097-S3,97,ANO-0178,2024-06-08 20:37,Laayoune,S3 — Redistribution stock,-0.85,-17.5,-31.7,1.1415,0.3174,0.8706,True,0.4,0.35,0.25
SIM-0098-S1,98,ANO-0059,2024-05-07 22:15,Casablanca Port,S1 — Attendre,4.74,2.9,19.8,0.2107,-0.1978,0.258,False,0.4,0.35,0.25
SIM-0098-S2,98,ANO-0059,2024-05-07 22:15,Casablanca Port,S2 — Fournisseur alternatif,-0.35,22.5,-7.5,1.0582,0.0753,0.6536,False,0.4,0.35,0.25
SIM-0098-S3,98,ANO-0059,2024-05-07 22:15,Casablanca Port,S3 — Redistribution stock,-0.13,-14.8,-27.7,1.021,0.2771,0.7987,True,0.4,0.35,0.25
SIM-0099-S1,99,ANO-0090,2024-06-19 03:47,Jorf Lasfar,S1 — Attendre,5.0,1.9,29.8,0.1668,-0.2976,0.2079,False,0.4,0.35,0.25
SIM-0099-S2,99,ANO-0090,2024-06-19 03:47,Jorf Lasfar,S2 — Fournisseur alternatif,-0.55,19.7,-11.9,1.0914,0.1189,0.6871,False,0.4,0.35,0.25
SIM-0099-S3,99,ANO-0090,2024-06-19 03:47,Jorf Lasfar,S3 — Redistribution stock,-0.61,-12.5,-29.3,1.102,0.2926,0.8288,True,0.4,0.35,0.25
SIM-0100-S1,100,ANO-0028,2025-01-26 20:46,Laayoune,S1 — Attendre,3.98,4.2,23.9,0.3365,-0.239,0.291,False,0.4,0.35,0.25
SIM-0100-S2,100,ANO-0028,2025-01-26 20:46,Laayoune,S2 — Fournisseur alternatif,-0.39,21.3,-8.9,1.0645,0.0894,0.6631,False,0.4,0.35,0.25
SIM-0100-S3,100,ANO-0028,2025-01-26 20:46,Laayoune,S3 — Redistribution stock,-1.58,-13.6,-25.7,1.2636,0.2573,0.8849,True,0.4,0.35,0.25
SIM-0101-S1,101,ANO-0005,2024-05-28 08:37,Khouribga,S1 — Attendre,2.12,-3.8,13.7,0.6459,-0.1371,0.4702,False,0.4,0.35,0.25
SIM-0101-S2,101,ANO-0005,2024-05-28 08:37,Khouribga,S2 — Fournisseur alternatif,0.55,11.1,-9.9,0.908,0.0993,0.623,False,0.4,0.35,0.25
SIM-0101-S3,101,ANO-0005,2024-05-28 08:37,Khouribga,S3 — Redistribution stock,-0.1,-15.8,-34.6,1.0163,0.3464,0.8246,True,0.4,0.35,0.25
SIM-0102-S1,102,ANO-0179,2024-11-09 00:28,Khouribga,S1 — Attendre,4.39,-1.6,17.5,0.2683,-0.175,0.3001,False,0.4,0.35,0.25
SIM-0102-S2,102,ANO-0179,2024-11-09 00:28,Khouribga,S2 — Fournisseur alternatif,-0.39,19.3,3.4,1.0654,-0.0339,0.6239,False,0.4,0.35,0.25
SIM-0102-S3,102,ANO-0179,2024-11-09 00:28,Khouribga,S3 — Redistribution stock,-0.73,-14.1,-29.8,1.1216,0.2981,0.8439,True,0.4,0.35,0.25
SIM-0103-S1,103,ANO-0082,2024-01-25 11:32,Safi,S1 — Attendre,3.41,-2.4,19.5,0.4323,-0.1947,0.361,False,0.4,0.35,0.25
SIM-0103-S2,103,ANO-0082,2024-01-25 11:32,Safi,S2 — Fournisseur alternatif,0.6,21.3,0.4,0.9007,-0.004,0.565,False,0.4,0.35,0.25
SIM-0103-S3,103,ANO-0082,2024-01-25 11:32,Safi,S3 — Redistribution stock,-1.15,-14.1,-26.8,1.1924,0.2679,0.8619,True,0.4,0.35,0.25
SIM-0104-S1,104,ANO-0098,2025-01-15 20:00,Khouribga,S1 — Attendre,2.15,-0.1,28.1,0.6409,-0.2812,0.4083,False,0.4,0.35,0.25
SIM-0104-S2,104,ANO-0098,2025-01-15 20:00,Khouribga,S2 — Fournisseur alternatif,-0.05,18.2,-13.3,1.0084,0.1334,0.6616,False,0.4,0.35,0.25
SIM-0104-S3,104,ANO-0098,2025-01-15 20:00,Khouribga,S3 — Redistribution stock,-0.55,-12.8,-26.2,1.0919,0.2617,0.8152,True,0.4,0.35,0.25
SIM-0105-S1,105,ANO-0192,2024-12-19 03:57,Safi,S1 — Attendre,3.35,1.0,19.4,0.4417,-0.1939,0.3563,False,0.4,0.35,0.25
SIM-0105-S2,105,ANO-0192,2024-12-19 03:57,Safi,S2 — Fournisseur alternatif,-0.35,18.3,-0.9,1.059,0.0092,0.6382,False,0.4,0.35,0.25
SIM-0105-S3,105,ANO-0192,2024-12-19 03:57,Safi,S3 — Redistribution stock,-1.1,-13.9,-38.6,1.1829,0.3858,0.8984,True,0.4,0.35,0.25
SIM-0106-S1,106,ANO-0173,2024-04-09 17:15,Jorf Lasfar,S1 — Attendre,5.12,4.4,18.9,0.1461,-0.1889,0.2319,False,0.4,0.35,0.25
SIM-0106-S2,106,ANO-0173,2024-04-09 17:15,Jorf Lasfar,S2 — Fournisseur alternatif,0.0,16.9,-1.1,0.9993,0.0106,0.6172,False,0.4,0.35,0.25
SIM-0106-S3,106,ANO-0173,2024-04-09 17:15,Jorf Lasfar,S3 — Redistribution stock,-1.22,-10.8,-30.2,1.2039,0.3019,0.8674,True,0.4,0.35,0.25
SIM-0107-S1,107,ANO-0150,2024-02-07 20:06,Benguerir,S1 — Attendre,2.47,0.2,13.5,0.5882,-0.1348,0.4377,False,0.4,0.35,0.25
SIM-0107-S2,107,ANO-0150,2024-02-07 20:06,Benguerir,S2 — Fournisseur alternatif,-0.1,22.8,-14.2,1.0161,0.142,0.6597,False,0.4,0.35,0.25
SIM-0107-S3,107,ANO-0150,2024-02-07 20:06,Benguerir,S3 — Redistribution stock,-0.8,-15.7,-29.7,1.133,0.297,0.8538,True,0.4,0.35,0.25
SIM-0108-S1,108,ANO-0124,2024-02-29 16:02,Youssoufia,S1 — Attendre,3.94,-4.9,25.5,0.3425,-0.2551,0.3107,False,0.4,0.35,0.25
SIM-0108-S2,108,ANO-0124,2024-02-29 16:02,Youssoufia,S2 — Fournisseur alternatif,0.61,23.6,0.4,0.8977,-0.0045,0.5598,False,0.4,0.35,0.25
SIM-0108-S3,108,ANO-0124,2024-02-29 16:02,Youssoufia,S3 — Redistribution stock,-1.91,-18.2,-34.9,1.3187,0.349,0.9552,True,0.4,0.35,0.25
SIM-0109-S1,109,ANO-0127,2025-03-29 06:31,Laayoune,S1 — Attendre,2.91,-0.6,24.0,0.5142,-0.2402,0.373,False,0.4,0.35,0.25
SIM-0109-S2,109,ANO-0127,2025-03-29 06:31,Laayoune,S2 — Fournisseur alternatif,0.82,11.5,-12.2,0.8628,0.1222,0.612,False,0.4,0.35,0.25
SIM-0109-S3,109,ANO-0127,2025-03-29 06:31,Laayoune,S3 — Redistribution stock,-0.52,-10.5,-31.6,1.0865,0.3156,0.8245,True,0.4,0.35,0.25
SIM-0110-S1,110,ANO-0094,2024-12-06 06:43,Safi,S1 — Attendre,5.18,-0.7,24.2,0.1371,-0.2417,0.222,False,0.4,0.35,0.25
SIM-0110-S2,110,ANO-0094,2024-12-06 06:43,Safi,S2 — Fournisseur alternatif,0.8,15.5,-4.1,0.8674,0.0413,0.5778,False,0.4,0.35,0.25
SIM-0110-S3,110,ANO-0094,2024-12-06 06:43,Safi,S3 — Redistribution stock,-1.16,-19.7,-33.5,1.1938,0.3346,0.9058,True,0.4,0.35,0.25
SIM-0111-S1,111,ANO-0017,2024-11-23 23:24,Khouribga,S1 — Attendre,2.35,3.8,23.3,0.6085,-0.2329,0.4028,False,0.4,0.35,0.25
SIM-0111-S2,111,ANO-0017,2024-11-23 23:24,Khouribga,S2 — Fournisseur alternatif,-0.05,17.6,-10.1,1.0085,0.1014,0.6514,False,0.4,0.35,0.25
SIM-0111-S3,111,ANO-0017,2024-11-23 23:24,Khouribga,S3 — Redistribution stock,-0.14,-18.6,-39.6,1.024,0.3964,0.8556,True,0.4,0.35,0.25
SIM-0112-S1,112,ANO-0048,2024-03-08 02:11,Jorf Lasfar,S1 — Attendre,4.66,-0.5,29.9,0.2236,-0.2993,0.236,False,0.4,0.35,0.25
SIM-0112-S2,112,ANO-0048,2024-03-08 02:11,Jorf Lasfar,S2 — Fournisseur alternatif,-0.25,13.9,-13.7,1.0422,0.1366,0.6841,False,0.4,0.35,0.25
SIM-0112-S3,112,ANO-0048,2024-03-08 02:11,Jorf Lasfar,S3 — Redistribution stock,-0.42,-18.1,-33.8,1.07,0.338,0.8517,True,0.4,0.35,0.25
SIM-0113-S1,113,ANO-0060,2025-03-10 16:56,Khouribga,S1 — Attendre,2.81,-2.0,24.9,0.5317,-0.2493,0.3805,False,0.4,0.35,0.25
SIM-0113-S2,113,ANO-0060,2025-03-10 16:56,Khouribga,S2 — Fournisseur alternatif,-0.22,15.6,-4.8,1.0364,0.048,0.6477,False,0.4,0.35,0.25
SIM-0113-S3,113,ANO-0060,2025-03-10 16:56,Khouribga,S3 — Redistribution stock,-1.98,-14.8,-36.0,1.3293,0.3601,0.951,True,0.4,0.35,0.25
SIM-0114-S1,114,ANO-0078,2025-02-16 01:35,Khouribga,S1 — Attendre,5.52,-3.6,28.4,0.0797,-0.2841,0.1919,False,0.4,0.35,0.25
SIM-0114-S2,114,ANO-0078,2025-02-16 01:35,Khouribga,S2 — Fournisseur alternatif,0.72,22.0,-11.2,0.8798,0.1123,0.5961,False,0.4,0.35,0.25
SIM-0114-S3,114,ANO-0078,2025-02-16 01:35,Khouribga,S3 — Redistribution stock,-1.05,-15.2,-38.5,1.1751,0.3851,0.8997,True,0.4,0.35,0.25
SIM-0115-S1,115,ANO-0163,2024-10-28 06:11,Jorf Lasfar,S1 — Attendre,4.51,3.6,11.4,0.2486,-0.1142,0.3008,False,0.4,0.35,0.25
SIM-0115-S2,115,ANO-0163,2024-10-28 06:11,Jorf Lasfar,S2 — Fournisseur alternatif,0.33,22.9,-12.1,0.9443,0.1209,0.6235,False,0.4,0.35,0.25
SIM-0115-S3,115,ANO-0163,2024-10-28 06:11,Jorf Lasfar,S3 — Redistribution stock,-0.48,-15.2,-25.2,1.0798,0.2515,0.8149,True,0.4,0.35,0.25
SIM-0116-S1,116,ANO-0043,2024-02-26 09:10,Jorf Lasfar,S1 — Attendre,2.99,2.5,26.8,0.502,-0.268,0.3508,False,0.4,0.35,0.25
SIM-0116-S2,116,ANO-0043,2024-02-26 09:10,Jorf Lasfar,S2 — Fournisseur alternatif,-0.28,13.4,-9.8,1.0461,0.0975,0.6731,False,0.4,0.35,0.25
SIM-0116-S3,116,ANO-0043,2024-02-26 09:10,Jorf Lasfar,S3 — Redistribution stock,-1.88,-15.7,-26.9,1.3134,0.2694,0.9162,True,0.4,0.35,0.25
SIM-0117-S1,117,ANO-0050,2024-11-02 12:24,Khouribga,S1 — Attendre,4.69,4.3,17.8,0.2189,-0.1782,0.2649,False,0.4,0.35,0.25
SIM-0117-S2,117,ANO-0050,2024-11-02 12:24,Khouribga,S2 — Fournisseur alternatif,0.21,23.0,-0.0,0.9645,0.0003,0.5892,False,0.4,0.35,0.25
SIM-0117-S3,117,ANO-0050,2024-11-02 12:24,Khouribga,S3 — Redistribution stock,-1.75,-13.9,-28.1,1.2909,0.2814,0.9051,True,0.4,0.35,0.25
SIM-0118-S1,118,ANO-0194,2024-11-11 18:18,Casablanca Port,S1 — Attendre,4.54,-2.6,20.4,0.2431,-0.2043,0.2824,False,0.4,0.35,0.25
SIM-0118-S2,118,ANO-0194,2024-11-11 18:18,Casablanca Port,S2 — Fournisseur alternatif,-0.01,11.1,-3.0,1.001,0.03,0.6359,False,0.4,0.35,0.25
SIM-0118-S3,118,ANO-0194,2024-11-11 18:18,Casablanca Port,S3 — Redistribution stock,-1.17,-14.4,-29.4,1.1942,0.2943,0.8727,True,0.4,0.35,0.25
SIM-0119-S1,119,ANO-0165,2024-04-23 01:30,Laayoune,S1 — Attendre,2.16,-2.2,15.6,0.64,-0.1562,0.457,False,0.4,0.35,0.25
SIM-0119-S2,119,ANO-0165,2024-04-23 01:30,Laayoune,S2 — Fournisseur alternatif,0.3,24.8,-8.2,0.9499,0.0817,0.6089,False,0.4,0.35,0.25
SIM-0119-S3,119,ANO-0165,2024-04-23 01:30,Laayoune,S3 — Redistribution stock,-0.33,-13.9,-26.2,1.0546,0.2621,0.8041,True,0.4,0.35,0.25
SIM-0120-S1,120,ANO-0125,2024-12-30 23:47,Jorf Lasfar,S1 — Attendre,3.54,3.7,23.8,0.4093,-0.2377,0.3216,False,0.4,0.35,0.25
SIM-0120-S2,120,ANO-0125,2024-12-30 23:47,Jorf Lasfar,S2 — Fournisseur alternatif,0.39,23.9,-2.9,0.9349,0.029,0.586,False,0.4,0.35,0.25
SIM-0120-S3,120,ANO-0125,2024-12-30 23:47,Jorf Lasfar,S3 — Redistribution stock,-0.68,-14.3,-33.0,1.113,0.3296,0.8521,True,0.4,0.35,0.25
