stock_id,site,produit,categorie,stock_actuel_t,stock_min_t,stock_max_t,taux_remplissage,statut_stock,valeur_usd,derniere_maj,capacite_entrepot_t,lat,lon
STK-KHO-DAP,Khouribga,DAP,Engrais,4444.5,937.5,5937.5,0.749,Normal,2755590.0,2025-03-30 18:30,50000,32.88,-6.9
STK-KHO-MAP,Khouribga,MAP,Engrais,804.5,937.5,5937.5,0.135,Rupture imminente,474655.0,2025-03-29 12:50,50000,32.88,-6.9
STK-KHO-TSP,Khouribga,TSP,Engrais,445.0,937.5,5937.5,0.075,Rupture imminente,213600.0,2025-03-29 11:08,50000,32.88,-6.9
STK-KHO-PHO,Khouribga,Phosphate brut,Minerai,5120.1,937.5,5937.5,0.862,Surstock,614412.0,2025-03-28 11:13,50000,32.88,-6.9
STK-KHO-ACI,Khouribga,Acide phosphorique,Chimique,1323.0,937.5,5937.5,0.223,Stock bas,1124550.0,2025-03-30 19:15,50000,32.88,-6.9
STK-KHO-SUL,Khouribga,Sulfate d'ammonium,Engrais,2880.9,937.5,5937.5,0.485,Normal,604989.0,2025-03-30 15:38,50000,32.88,-6.9
STK-KHO-URÉ,Khouribga,Urée,Engrais,3094.3,937.5,5937.5,0.521,Normal,1175834.0,2025-03-30 08:28,50000,32.88,-6.9
STK-KHO-NPS,Khouribga,NPS,Engrais,2051.5,937.5,5937.5,0.346,Normal,1046265.0,2025-03-30 08:01,50000,32.88,-6.9
STK-YOU-DAP,Youssoufia,DAP,Engrais,2966.4,562.5,3562.5,0.833,Normal,1839168.0,2025-03-30 11:51,30000,32.25,-8.53
STK-YOU-MAP,Youssoufia,MAP,Engrais,3318.5,562.5,3562.5,0.932,Surstock,1957915.0,2025-03-29 13:35,30000,32.25,-8.53
STK-YOU-TSP,Youssoufia,TSP,Engrais,2344.5,562.5,3562.5,0.658,Normal,1125360.0,2025-03-28 09:39,30000,32.25,-8.53
STK-YOU-PHO,Youssoufia,Phosphate brut,Minerai,841.5,562.5,3562.5,0.236,Stock bas,100980.0,2025-03-28 02:39,30000,32.25,-8.53
STK-YOU-ACI,Youssoufia,Acide phosphorique,Chimique,1651.7,562.5,3562.5,0.464,Normal,1403945.0,2025-03-30 03:58,30000,32.25,-8.53
STK-YOU-SUL,Youssoufia,Sulfate d'ammonium,Engrais,2944.1,562.5,3562.5,0.826,Normal,618261.0,2025-03-28 08:26,30000,32.25,-8.53
STK-YOU-URÉ,Youssoufia,Urée,Engrais,200.6,562.5,3562.5,0.056,Rupture imminente,76228.0,2025-03-30 19:53,30000,32.25,-8.53
STK-YOU-NPS,Youssoufia,NPS,Engrais,327.8,562.5,3562.5,0.092,Rupture imminente,167178.0,2025-03-30 13:45,30000,32.25,-8.53
STK-BEN-DAP,Benguerir,DAP,Engrais,2428.8,656.2,4156.2,0.584,Normal,1505856.0,2025-03-28 06:20,35000,32.23,-7.95
STK-BEN-MAP,Benguerir,MAP,Engrais,1458.2,656.2,4156.2,0.351,Normal,860338.0,2025-03-30 16:44,35000,32.23,-7.95
STK-BEN-TSP,Benguerir,TSP,Engrais,390.3,656.2,4156.2,0.094,Rupture imminente,187344.0,2025-03-29 13:54,35000,32.23,-7.95
STK-BEN-PHO,Benguerir,Phosphate brut,Minerai,3068.0,656.2,4156.2,0.738,Normal,368160.0,2025-03-30 06:17,35000,32.23,-7.95
STK-BEN-ACI,Benguerir,Acide phosphorique,Chimique,1380.8,656.2,4156.2,0.332,Normal,1173680.0,2025-03-29 18:03,35000,32.23,-7.95
STK-BEN-SUL,Benguerir,Sulfate d'ammonium,Engrais,3039.4,656.2,4156.2,0.731,Normal,638274.0,2025-03-29 22:31,35000,32.23,-7.95
STK-BEN-URÉ,Benguerir,Urée,Engrais,3536.4,656.2,4156.2,0.851,Surstock,1343832.0,2025-03-28 23:21,35000,32.23,-7.95
STK-BEN-NPS,Benguerir,NPS,Engrais,964.6,656.2,4156.2,0.232,Stock bas,491946.0,2025-03-28 20:52,35000,32.23,-7.95
STK-SAF-DAP,Safi,DAP,Engrais,1425.8,750.0,4750.0,0.3,Normal,883996.0,2025-03-28 23:14,40000,32.3,-9.23
STK-SAF-MAP,Safi,MAP,Engrais,3534.3,750.0,4750.0,0.744,Normal,2085237.0,2025-03-30 00:52,40000,32.3,-9.23
STK-SAF-TSP,Safi,TSP,Engrais,750.0,750.0,4750.0,0.158,Stock bas,360000.0,2025-03-28 10:52,40000,32.3,-9.23
STK-SAF-PHO,Safi,Phosphate brut,Minerai,919.4,750.0,4750.0,0.194,Stock bas,110328.0,2025-03-28 08:20,40000,32.3,-9.23
STK-SAF-ACI,Safi,Acide phosphorique,Chimique,314.8,750.0,4750.0,0.066,Rupture imminente,267580.0,2025-03-29 21:21,40000,32.3,-9.23
STK-SAF-SUL,Safi,Sulfate d'ammonium,Engrais,2628.4,750.0,4750.0,0.553,Normal,551964.0,2025-03-28 07:27,40000,32.3,-9.23
STK-SAF-URÉ,Safi,Urée,Engrais,1128.0,750.0,4750.0,0.237,Stock bas,428640.0,2025-03-29 01:30,40000,32.3,-9.23
STK-SAF-NPS,Safi,NPS,Engrais,2584.8,750.0,4750.0,0.544,Normal,1318248.0,2025-03-28 19:44,40000,32.3,-9.23
STK-JOR-DAP,Jorf Lasfar,DAP,Engrais,1277.4,1125.0,7125.0,0.179,Stock bas,791988.0,2025-03-30 03:17,60000,33.07,-8.62
STK-JOR-MAP,Jorf Lasfar,MAP,Engrais,5500.5,1125.0,7125.0,0.772,Normal,3245295.0,2025-03-29 17:48,60000,33.07,-8.62
STK-JOR-TSP,Jorf Lasfar,TSP,Engrais,1935.8,1125.0,7125.0,0.272,Stock bas,929184.0,2025-03-28 05:11,60000,33.07,-8.62
STK-JOR-PHO,Jorf Lasfar,Phosphate brut,Minerai,2360.0,1125.0,7125.0,0.331,Normal,283200.0,2025-03-30 16:58,60000,33.07,-8.62
STK-JOR-ACI,Jorf Lasfar,Acide phosphorique,Chimique,2534.5,1125.0,7125.0,0.356,Normal,2154325.0,2025-03-29 08:18,60000,33.07,-8.62
STK-JOR-SUL,Jorf Lasfar,Sulfate d'ammonium,Engrais,698.4,1125.0,7125.0,0.098,Rupture imminente,146664.0,2025-03-28 02:06,60000,33.07,-8.62
STK-JOR-URÉ,Jorf Lasfar,Urée,Engrais,3375.9,1125.0,7125.0,0.474,Normal,1282842.0,2025-03-30 01:11,60000,33.07,-8.62
STK-JOR-NPS,Jorf Lasfar,NPS,Engrais,696.7,1125.0,7125.0,0.098,Rupture imminente,355317.0,2025-03-29 03:55,60000,33.07,-8.62
STK-CAS-DAP,Casablanca Port,DAP,Engrais,299.2,468.8,2968.8,0.101,Rupture imminente,185504.0,2025-03-29 07:03,25000,33.6,-7.62
STK-CAS-MAP,Casablanca Port,MAP,Engrais,1197.3,468.8,2968.8,0.403,Normal,706407.0,2025-03-30 03:18,25000,33.6,-7.62
STK-CAS-TSP,Casablanca Port,TSP,Engrais,1739.7,468.8,2968.8,0.586,Normal,835056.0,2025-03-29 19:09,25000,33.6,-7.62
STK-CAS-PHO,Casablanca Port,Phosphate brut,Minerai,1828.3,468.8,2968.8,0.616,Normal,219396.0,2025-03-30 02:15,25000,33.6,-7.62
STK-CAS-ACI,Casablanca Port,Acide phosphorique,Chimique,2013.9,468.8,2968.8,0.678,Normal,1711815.0,2025-03-29 20:52,25000,33.6,-7.62
STK-CAS-SUL,Casablanca Port,Sulfate d'ammonium,Engrais,1100.9,468.8,2968.8,0.371,Normal,231189.0,2025-03-29 00:11,25000,33.6,-7.62
STK-CAS-URÉ,Casablanca Port,Urée,Engrais,2327.6,468.8,2968.8,0.784,Normal,884488.0,2025-03-30 03:54,25000,33.6,-7.62
STK-CAS-NPS,Casablanca Port,NPS,Engrais,2170.8,468.8,2968.8,0.731,Normal,1107108.0,2025-03-30 10:55,25000,33.6,-7.62
STK-LAA-DAP,Laayoune,DAP,Engrais,1258.7,375.0,2375.0,0.53,Normal,780394.0,2025-03-30 22:54,20000,27.16,-13.2
STK-LAA-MAP,Laayoune,MAP,Engrais,2085.9,375.0,2375.0,0.878,Surstock,1230681.0,2025-03-30 07:39,20000,27.16,-13.2
STK-LAA-TSP,Laayoune,TSP,Engrais,1114.6,375.0,2375.0,0.469,Normal,535008.0,2025-03-28 09:35,20000,27.16,-13.2
STK-LAA-PHO,Laayoune,Phosphate brut,Minerai,322.4,375.0,2375.0,0.136,Rupture imminente,38688.0,2025-03-30 10:25,20000,27.16,-13.2
STK-LAA-ACI,Laayoune,Acide phosphorique,Chimique,2079.3,375.0,2375.0,0.875,Surstock,1767405.0,2025-03-29 10:05,20000,27.16,-13.2
STK-LAA-SUL,Laayoune,Sulfate d'ammonium,Engrais,331.7,375.0,2375.0,0.14,Rupture imminente,69657.0,2025-03-28 22:36,20000,27.16,-13.2
STK-LAA-URÉ,Laayoune,Urée,Engrais,1579.5,375.0,2375.0,0.665,Normal,600210.0,2025-03-30 03:42,20000,27.16,-13.2
STK-LAA-NPS,Laayoune,NPS,Engrais,1753.8,375.0,2375.0,0.738,Normal,894438.0,2025-03-29 10:15,20000,27.16,-13.2
